window_index,start_idx,end_idx,repeat_sim,repeat_eq,cw_persist,code_change,inrep_line,inrep_ng4_text,inrep_ng4_all,code_dup_msg_inwin,code_dup_msg_lookback,code_repeat_excess,code_repeat_penalty,dup_max_inwin,high_dup_penalty,high_dup_penalty_w,high_dup_flag,done_hits,stuck_hits,ai_wrong_hits,q_densi ty,code_line_rate,fenced_blocks,progress_score,inrep_ng4,cluster
0,0,11,0.0,0.0,0.0,0.5,0.4782608695652174,0.0,0.031192660550458662,0.1428571428571429,0.0,0.031192660550458662,0.011697247706421998,0.4782608695652174,0.0,0.0,0.0,1.0,0.0,0.0,0.16666666666666666,0.5,0.0,0.3930853609892302,0.0,1
1,8,19,0.6699029126213593,0.2631578947368421,0.33495145631067963,0.018296315207216418,0.4782608695652174,0.0,0.027859237536656867,0.25,0.3333333333333333,0.027859237536656867,0.018233010763502318,0.4782608695652174,0.0,0.0,0.0,1.0,0.0,0.0,0.25,0.3333333333333333,0.0,-0.13560131219598287,0.0,2
2,16,27,0.08878504672897196,0.2,0.08433742694575319,0.5880149812734082,0.4782608695652174,0.0,0.25396825396825395,0.16666666666666663,0.2,0.25396825396825395,0.0784733369003032,0.4782608695652174,0.0,0.0,0.0,0.0,0.0,0.0,0.3333333333333333,0.5,0.0,-0.14514574836896826,0.0,2
3,24,35,0.30434782608695654,0.25,0.17687979539641946,0.6612077789150461,0.4347826086956522,0.0,0.0,0.0,0.5,0.0,0.0,0.4347826086956522,0.0,0.0,0.0,0.0,0.0,0.0,0.16666666666666666,0.16666666666666666,0.0,-0.12463641399241374,0.0,1
4,32,43,0.30337078651685395,0.2631578947368421,0.2231139646869984,0.41074856046065256,0.5217391304347826,0.0,0.27826086956521734,0.2857142857142857,0.2,0.27826086956521734,0.1298061142173635,0.5217391304347826,0.0,0.0,0.0,0.0,0.0,0.0,0.0,0.5833333333333334,0.0,-0.38320472008639295,0.0,2
5,40,51,0.3838383838383838,0.2777777777777778,0.25117845117845117,0.16349310571240971,0.4782608695652174,0.0,0.06711409395973156,0.125,0.2857142857142857,0.06711409395973156,0.04678450191765047,0.4782608695652174,0.0,0.0,0.0,0.0,0.0,0.0,0.16666666666666666,0.6666666666666666,0.0,-0.37392794579348754,0.0,2
6,48,59,0.38686131386861317,0.2631578947368421,0.2761374238515998,0.31160033869602033,0.4782608695652174,0.0,0.05747126436781613,0.11111111111111116,0.5,0.05747126436781613,0.032969332437930085,0.4782608695652174,0.0,0.0,0.0,0.0,0.0,0.0,0.08333333333333333,0.6666666666666666,0.0,-0.35553636609375655,0.0,2
7,56,67,0.24615384615384617,0.2777777777777778,0.181216457960644,0.2183994016454749,0.5217391304347826,0.0,0.31818181818181823,0.33333333333333337,0.5,0.31818181818181823,0.17615619546247824,0.5217391304347826,0.0,0.0,0.0,0.0,0.0,0.0,0.0,0.4166666666666667,0.0,-0.5567891495187645,0.0,2
8,64,75,0.2903225806451613,0.21052631578947367,0.20800282037722545,0.18960244648318048,0.4782608695652174,0.0,0.13875598086124397,0.25,0.3333333333333333,0.13875598086124397,0.07496500495051917,0.4782608695652174,0.0,0.0,0.0,0.0,0.0,0.0,0.0,0.3333333333333333,0.0,-0.3982571100358603,0.0,2
9,72,83,0.33112582781456956,0.25,0.24276879626022596,0.33333333333333337,0.4347826086956522,0.0,0.0357142857142857,0.0,0.2,0.0357142857142857,0.015873015873015865,0.4347826086956522,0.0,0.0,0.0,0.0,0.0,0.0,0.0,0.3333333333333333,0.0,-0.20373792189877202,0.0,0
10,80,91,0.38235294117647056,0.23809523809523808,0.273493543758967,0.26038104543234,0.4347826086956522,0.0,0.06849315068493156,0.0,0.3333333333333333,0.06849315068493156,0.0422156937538619,0.4347826086956522,0.0,0.0,0.0,0.0,0.0,0.0,0.25,0.6666666666666666,0.0,-0.29887527334582353,0.0,0
11,88,99,0.2413793103448276,0.23809523809523808,0.1828198326872067,0.24465116279069765,0.4347826086956522,0.14754098360655743,0.0714285714285714,0.0,0.4,0.0,0.0,0.4347826086956522,0.0,0.0,0.0,0.0,0.0,0.0,0.4166666666666667,0.3333333333333333,0.0,-0.251470087121892,0.14754098360655743,0
12,96,107,0.3592814371257485,0.23809523809523808,0.253620310399609,0.23131046613896222,0.4347826086956522,0.12345679012345678,0.05327868852459017,0.0,0.6,0.0,0.0,0.4347826086956522,0.0,0.0,0.0,0.0,0.0,0.0,0.25,0.3333333333333333,0.0,-0.335075848841052,0.12345679012345678,0
13,104,115,0.15053763440860216,0.23809523809523808,0.10400444938820913,0.20171673819742486,0.4347826086956522,0.19791666666666663,0.06830601092896171,0.0,0.0,0.0,0.0,0.4347826086956522,0.0,0.0,0.0,1.0,0.0,0.0,0.0,0.25,0.0,0.228547793757168,0.19791666666666663,1
14,112,123,0.7692307692307693,0.23809523809523808,0.4384348290598291,0.010845986984815648,0.4347826086956522,0.0,0.01834862385321101,0.0,1.0,0.01834862385321101,0.010587275368664054,0.4347826086956522,0.0,0.0,0.0,1.0,0.0,0.0,0.16666666666666666,0.16666666666666666,0.0,-0.23355799502555155,0.0,0
15,120,131,0.0782312925170068,0.23809523809523808,0.06735484891631072,0.7023151185678134,0.4347826086956522,0.0,0.034103410341034146,0.0,0.0,0.034103410341034146,0.006345043539877473,0.4347826086956522,0.0,0.0,0.0,1.0,0.0,0.0,0.3333333333333333,0.25,0.0,0.44459802284431543,0.0,1
16,128,139,0.5963687150837989,0.23809523809523808,0.3233944415755129,0.505208049299231,0.4347826086956522,0.0,0.3523421588594705,0.0,0.25,0.3523421588594705,0.14528005341349803,0.4347826086956522,0.0,0.0,0.0,1.0,0.0,0.0,0.16666666666666666,0.6666666666666666,0.0,0.023569249776026147,0.0,2
17,136,147,0.4373297002724796,0.23809523809523808,0.2894923396173057,0.44944203754759093,0.4347826086956522,0.21621621621621623,0.2426693629929222,0.0,1.0,0.02645314677670596,0.00910249411864859,0.4347826086956522,0.0,0.0,0.0,1.0,0.0,0.0,0.08333333333333333,0.25,0.0,-0.015555105746146946,0.21621621621621623,2
18,144,155,0.1514476614699332,0.23809523809523808,0.10315525218135063,0.7964858410098943,0.4347826086956522,0.10344827586206895,0.09756097560975607,0.0,0.0,0.0,0.0,0.4347826086956522,0.0,0.0,0.0,0.3333333333333333,0.0,0.0,0.0,0.3333333333333333,0.0,0.1915588635445056,0.10344827586206895,1
19,152,163,0.39,0.23809523809523808,0.24096412556053812,0.15892193308550184,0.4347826086956522,0.0757575757575758,0.10683760683760679,0.0,0.5,0.03108003108003099,0.017427154973623325,0.4347826086956522,0.0,0.0,0.0,1.0,0.0,0.0,0.08333333333333333,0.3333333333333333,0.0,0.027559806540727688,0.0757575757575758,2
20,160,171,0.2222222222222222,0.23809523809523808,0.1551111111111111,0.39185655584609635,0.4347826086956522,0.0,0.04591836734693877,0.0,0.1111111111111111,0.04591836734693877,0.0221072553040641,0.4347826086956522,0.0,0.0,0.0,0.6666666666666666,0.0,0.0,0.16666666666666666,0.5833333333333334,0.0,0.12469465691342235,0.0,1
21,168,179,0.4785276073619632,0.3,0.28815269256987047,0.11231603408210689,0.4347826086956522,0.0,0.07234042553191489,0.0,0.625,0.07234042553191489,0.05083722003395027,0.4347826086956522,0.0,0.0,0.0,0.6666666666666666,0.0,0.0,0.0,0.5833333333333334,0.0,-0.2036121673079527,0.0,2
22,176,187,0.25,0.23809523809523808,0.19791666666666669,0.5333333333333333,0.4347826086956522,0.0,0.0,0.0,0.3333333333333333,0.0,0.0,0.4347826086956522,0.0,0.0,0.0,0.3333333333333333,0.0,0.0,0.08333333333333333,0.25,0.0,0.00553234989648034,0.0,1
23,184,195,0.3372093023255814,0.25,0.23647795433021152,0.3475935828877005,0.4782608695652174,0.0,0.02010050251256279,0.25,0.6666666666666666,0.02010050251256279,0.008742464550918577,0.4782608695652174,0.0,0.0,0.0,1.0,0.0,0.0,0.3333333333333333,0.3333333333333333,0.0,0.005803217368819131,0.0,2
24,192,203,0.22784810126582278,0.25,0.1932343954604976,0.9272727272727272,0.4347826086956522,0.0,0.0,0.0,0.0,0.0,0.0,0.4347826086956522,0.0,0.0,0.0,0.0,0.0,0.0,0.08333333333333333,0.08333333333333333,0.0,0.08971177989831323,0.0,1
25,200,211,0.2894736842105263,0.23809523809523808,0.1918572609534307,0.6131687242798354,0.4347826086956522,0.0,0.0,0.0,0.5,0.0,0.0,0.4347826086956522,0.0,0.0,0.0,0.0,0.0,0.0,0.16666666666666666,0.16666666666666666,0.0,-0.1382504680129756,0.0,1
26,208,219,0.28651685393258425,0.23809523809523808,0.2247801660967269,0.6509349955476402,0.4347826086956522,0.0,0.004201680672268893,0.0,0.25,0.004201680672268893,0.00097777312171529,0.4347826086956522,0.0,0.0,0.0,0.0,0.0,0.0,0.16666666666666666,0.3333333333333333,0.0,-0.0766633291682833,0.0,1
27,216,227,0.1341772151898734,0.23809523809523808,0.09243715005374532,0.8911780243000529,0.4347826086956522,0.0,0.05947323704333052,0.0,0.3333333333333333,0.05947323704333052,0.004853996367244881,0.4347826086956522,0.0,0.0,0.0,0.0,0.0,0.0,0.8333333333333334,0.5,0.0,0.04014620743980713,0.0,1
28,224,235,0.42213642213642216,0.25,0.25524924555096973,0.5996425379803396,0.4782608695652174,0.05128205128205132,0.024460431654676262,0.0,1.0,0.0,0.0,0.4782608695652174,0.0,0.0,0.0,0.0,0.0,0.0,0.0,0.08333333333333333,0.0,-0.31284611315252747,0.05128205128205132,0
29,232,243,0.14903846153846154,0.25,0.12037350212601469,0.6073692551505547,0.4347826086956522,0.0,0.0,0.0,0.0,0.0,0.0,0.4347826086956522,0.0,0.0,0.0,0.0,0.0,0.0,0.0,0.3333333333333333,0.0,0.011397680917000927,0.0,1
30,240,251,0.2597402597402597,0.23809523809523808,0.16469600051689604,0.7049455155071249,0.4347826086956522,0.0,0.0,0.0,0.5,0.0,0.0,0.4347826086956522,0.0,0.0,0.0,0.0,0.0,0.0,0.25,0.16666666666666666,0.0,-0.09561597873366229,0.0,1
31,248,259,0.28368794326241137,0.23809523809523808,0.21722085605331623,0.39543057996485065,0.4347826086956522,0.0,0.0,0.0,0.0,0.0,0.0,0.4347826086956522,0.0,0.0,0.0,0.0,0.0,0.0,0.25,0.25,0.0,-0.10557402118946453,0.0,1
32,256,267,0.328042328042328,0.23809523809523808,0.23244221665274295,0.3225499524262607,0.4347826086956522,0.013157894736842146,0.008928571428571397,0.0,0.0,0.0,0.0,0.4347826086956522,0.0,0.0,0.0,0.0,0.0,0.0,0.4166666666666667,0.08333333333333333,0.0,-0.14482492832258992,0.013157894736842146,1
33,264,275,0.42162162162162165,0.23809523809523808,0.27797498991528846,0.0,0.4347826086956522,0.17123287671232879,0.11467889908256879,0.0,1.0,0.0,0.0,0.4347826086956522,0.0,0.0,0.0,0.0,0.0,0.0,0.3333333333333333,0.08333333333333333,0.0,-0.5269865032185443,0.17123287671232879,0
34,272,283,0.23430962343096234,0.23809523809523808,0.16167535966068663,0.4208826695371367,0.4347826086956522,0.0,0.0,0.0,0.0,0.0,0.0,0.4347826086956522,0.0,0.0,0.0,0.0,0.0,0.0,0.5,0.3333333333333333,0.0,-0.07605889102129518,0.0,1
35,280,291,0.22549019607843138,0.23809523809523808,0.15141913118838696,0.9051383399209486,0.4347826086956522,0.0490196078431373,0.045454545454545414,0.0,0.0,0.0,0.0,0.4347826086956522,0.0,0.0,0.0,0.0,0.0,0.0,0.25,0.08333333333333333,0.0,0.08502149087530105,0.0490196078431373,1
36,288,299,0.12011173184357542,0.23809523809523808,0.14126236244150928,0.9898163863601296,0.4347826086956522,0.0,0.4875983061101028,0.0,0.125,0.4875983061101028,0.004137927300733793,0.4875983061101028,0.0,0.0,0.0,0.3333333333333333,0.0,0.0,0.08333333333333333,0.6666666666666666,0.0,0.24120518771313237,0.0,2
37,296,307,0.5435294117647059,0.23809523809523808,0.29910845588235296,0.12316983099448231,0.4347826086956522,0.0,0.31202435312024357,0.0,0.4444444444444444,0.31202435312024357,0.23939332049522793,0.4347826086956522,0.0,0.0,0.0,0.0,0.0,0.0,0.16666666666666666,0.75,0.0,-0.607218665152127,0.0,2
38,304,315,0.20052083333333334,0.23809523809523808,0.1729421209273183,0.8369308906221657,0.4347826086956522,0.037878787878787845,0.02405498281786944,0.0,0.3333333333333333,0.0,0.0,0.4347826086956522,0.0,0.0,0.0,0.0,0.0,0.0,0.6666666666666666,0.25,0.0,-0.00821213057405211,0.037878787878787845,1
39,312,323,0.5303867403314917,0.23809523809523808,0.34710046063029354,0.1578947368421053,0.4347826086956522,0.0,0.012499999999999956,0.0,0.4,0.012499999999999956,0.007456140350877166,0.4347826086956522,0.0,0.0,0.0,0.0,0.0,0.0,0.75,0.4166666666666667,0.0,-0.35944441238112873,0.0,0
40,320,331,0.34831460674157305,0.23809523809523808,0.24522329321850228,0.6599999999999999,0.4347826086956522,0.0,0.0,0.0,0.3333333333333333,0.0,0.0,0.4347826086956522,0.0,0.0,0.0,0.0,0.0,0.0,0.3333333333333333,0.25,0.0,-0.10821205636599615,0.0,1
41,328,339,0.32786885245901637,0.23809523809523808,0.23007199236707432,0.10629921259842523,0.4347826086956522,0.0,0.0,0.0,0.5,0.0,0.0,0.4347826086956522,0.0,0.0,0.0,0.0,0.0,0.0,0.0,0.16666666666666666,0.0,-0.32591169065377873,0.0,0
42,336,347,0.2621951219512195,0.23809523809523808,0.19663154155813403,0.7632458233890215,0.4347826086956522,0.0,0.11764705882352944,0.0,0.3333333333333333,0.11764705882352944,0.017408395339042544,0.4347826086956522,0.0,0.0,0.0,0.3333333333333333,0.0,0.0,0.16666666666666666,0.25,0.0,0.06384259686663932,0.0,1
43,344,355,0.5077720207253886,0.23809523809523808,0.3094415659182499,0.09158415841584155,0.4347826086956522,0.0,0.12951807228915657,0.0,0.4,0.12951807228915657,0.0833398569525627,0.4347826086956522,0.0,0.0,0.0,1.0,0.0,0.0,0.25,0.4166666666666667,0.0,-0.06611988628623343,0.0,2
44,352,363,0.12446351931330472,0.23809523809523808,0.09829278600894084,0.7802208835341365,0.4347826086956522,0.0,0.07692307692307687,0.0,0.3333333333333333,0.07692307692307687,0.012679564411492115,0.4347826086956522,0.0,0.0,0.0,1.0,0.0,0.0,0.4166666666666667,0.5,0.0,0.3756782101560582,0.0,1
45,360,371,0.34404283801874164,0.23809523809523808,0.1971723244419664,0.18271618875592688,0.4347826086956522,0.0,0.45578778135048237,0.0,0.3333333333333333,0.45578778135048237,0.23281748441287659,0.45578778135048237,0.0,0.0,0.0,0.3333333333333333,0.0,0.0,0.25,0.25,0.0,-0.3670504064363916,0.0,2
46,368,379,0.06585365853658537,0.23809523809523808,0.05295650285879713,0.9921246554536761,0.4347826086956522,0.02352941176470591,0.020408163265306145,0.0,0.0,0.0,0.0,0.4347826086956522,0.0,0.0,0.0,1.0,0.0,0.0,0.0,0.16666666666666666,0.0,0.5512636789267255,0.02352941176470591,1
47,376,387,0.07563025210084033,0.23809523809523808,0.21525765478605235,0.9894897182025895,0.4347826086956522,0.0,0.21584699453551914,0.0,0.0,0.21584699453551914,0.001512408491794959,0.4347826086956522,0.0,0.0,0.0,0.6666666666666666,0.0,0.0,0.0,0.3333333333333333,1.0,0.39435307893655813,0.0,2
48,384,395,0.8612903225806452,0.23809523809523808,0.4449308755760369,0.013967220560959892,0.4347826086956522,0.010638297872340385,0.21029668411867364,0.0,0.6,0.19965838624633325,0.139449380416223,0.4347826086956522,0.0,0.0,0.0,0.0,0.0,0.0,0.25,0.4166666666666667,1.0,-0.6763770154479626,0.010638297872340385,2
49,392,403,0.5604395604395604,0.23809523809523808,0.5505322802197803,0.2238901601830664,0.4347826086956522,0.0,0.021739130434782594,0.0,0.25,0.021739130434782594,0.01124796869299903,0.4347826086956522,0.0,0.0,0.0,0.3333333333333333,0.0,0.0,0.16666666666666666,0.3333333333333333,0.0,-0.22436047807053988,0.0,0
50,400,411,0.10975609756097561,0.23809523809523808,0.08325063978691179,0.3288836061077077,0.4347826086956522,0.0,0.3700404858299595,0.0,0.2222222222222222,0.3700404858299595,0.2069501970369619,0.4347826086956522,0.0,0.0,0.0,1.0,0.0,0.0,0.0,0.6666666666666666,0.0,0.05834056675552471,0.0,2
51,408,419,0.10526315789473684,0.23809523809523808,0.07420020639834882,0.882808103545301,0.4347826086956522,0.0,0.0,0.0,0.5,0.0,0.0,0.4347826086956522,0.0,0.0,0.0,0.6666666666666666,0.0,0.0,0.08333333333333333,0.3333333333333333,0.0,0.26846483988000436,0.0,1
52,416,427,0.06597222222222222,0.25,0.05457505757052389,0.9572550534311832,0.4782608695652174,0.0,0.4223770809136663,0.125,0.2857142857142857,0.4223770809136663,0.015045404796289555,0.4782608695652174,0.0,0.0,0.0,0.0,0.0,0.0,0.0,0.6666666666666666,0.0,0.038009379957238944,0.0,2
53,424,435,0.2568203198494826,0.2,0.1619068919508851,0.3553948633918712,0.4782608695652174,0.09090909090909094,0.4068027210884354,0.16666666666666663,0.6,0.31589363017934446,0.15271999247654555,0.4782608695652174,0.0,0.0,0.0,0.3333333333333333,0.0,0.0,0.4166666666666667,0.5,0.0,-0.3243832047820663,0.09090909090909094,2
54,432,443,0.264417845484222,0.2631578947368421,0.22903696948668528,0.12958810701231682,0.4782608695652174,0.0,0.11776859504132231,0.11111111111111116,0.125,0.11776859504132231,0.08969378752636509,0.4782608695652174,0.0,0.0,0.0,0.0,0.0,0.0,0.5,0.75,0.0,-0.3562293351244001,0.0,2
55,440,451,0.42105263157894735,0.25,0.291314097139956,0.5128366110668047,0.4347826086956522,0.0,0.451181592039801,0.0,0.5,0.451181592039801,0.1831659611686532,0.451181592039801,0.0,0.0,0.0,0.0,0.0,0.0,0.3333333333333333,0.6666666666666666,0.0,-0.40452180375154356,0.0,2
56,448,459,0.610738255033557,0.23809523809523808,0.4521283867760378,0.3974485712940733,0.4347826086956522,0.0,0.08097432521395653,0.0,0.5,0.08097432521395653,0.0325274635641119,0.4347826086956522,0.0,0.0,0.0,0.0,0.0,0.0,0.5833333333333334,0.3333333333333333,0.0,-0.3616497918213827,0.0,0
57,456,467,0.2129783693843594,0.23809523809523808,0.1921407220274652,0.17689121949766107,0.4347826086956522,0.005847953216374324,0.020593080724876422,0.0,0.0,0.014745127508502098,0.007079825621093548,0.4347826086956522,0.0,0.0,0.0,0.0,0.0,0.0,0.5,0.16666666666666666,0.0,-0.16776389197403407,0.005847953216374324,1
58,464,475,0.125,0.23809523809523808,0.09346330275229359,0.792845102079041,0.4347826086956522,0.0,0.0,0.0,0.3333333333333333,0.0,0.0,0.4347826086956522,0.0,0.0,0.0,0.0,0.0,0.0,0.4166666666666667,0.25,0.0,0.01340129010794143,0.0,1
59,472,483,0.15135135135135136,0.23809523809523808,0.08876107512471149,0.9270411117544876,0.4347826086956522,0.0,0.0,0.0,0.0,0.0,0.0,0.4347826086956522,0.0,0.0,0.0,0.0,0.0,0.0,0.25,0.08333333333333333,0.0,0.1274103704065941,0.0,1
60,480,491,0.34285714285714286,0.23809523809523808,0.23421926910299004,0.6878048780487804,0.4347826086956522,0.02898550724637683,0.015625,0.0,0.25,0.0,0.0,0.4347826086956522,0.0,0.0,0.0,0.0,0.0,0.0,0.4166666666666667,0.3333333333333333,0.0,-0.08159152418766716,0.02898550724637683,1
61,488,499,0.2324561403508772,0.25,0.1570006023642798,0.9364666542819989,0.4782608695652174,0.02564102564102566,0.5625806451612902,0.1428571428571429,0.3333333333333333,0.5369396195202646,0.02700657662736607,0.5625806451612902,0.0,0.0,0.0,0.0,0.0,0.0,0.4166666666666667,0.5833333333333334,0.6666666666666666,-0.05540525195808477,0.02564102564102566,2
62,496,507,0.47520661157024796,0.25,0.30704775022956843,0.08815537440420507,0.4347826086956522,0.0,0.6285714285714286,0.0,0.5,0.6285714285714286,0.42986960920944617,0.6285714285714286,0.0,0.0,0.0,0.6666666666666666,0.0,0.0,0.5833333333333334,0.5,0.0,-0.5570296720785035,0.0,2
63,504,515,0.2513089005235602,0.23809523809523808,0.19887620758395583,0.9559385415819852,0.4347826086956522,0.0,0.0,0.0,0.5,0.0,0.0,0.4347826086956522,0.0,0.0,0.0,0.6666666666666666,0.0,0.0,0.4166666666666667,0.16666666666666666,0.0,0.23875744522072667,0.0,1
64,512,523,0.25,0.23809523809523808,0.2245762711864407,0.6002949852507375,0.4347826086956522,0.0,0.004484304932735439,0.0,0.0,0.004484304932735439,0.0013442993769594068,0.4347826086956522,0.0,0.0,0.0,0.0,0.0,0.0,0.5,0.5,0.0,-0.031177049975454278,0.0,1
65,520,531,0.31921824104234525,0.23809523809523808,0.2167078859532714,0.6986644407345576,0.4347826086956522,0.0,0.25921521997621877,0.0,0.3333333333333333,0.25921521997621877,0.06509230273470713,0.4347826086956522,0.0,0.0,0.0,0.0,0.0,0.0,0.5,0.6666666666666666,1.0,-0.148624475489382,0.0,2
66,528,539,0.289568345323741,0.25,0.20078417266187049,0.29901436883980526,0.4782608695652174,0.0,0.2894941634241245,0.1428571428571429,0.3333333333333333,0.2894941634241245,0.16065390535149987,0.4782608695652174,0.0,0.0,0.0,0.0,0.0,0.0,1.0,0.5833333333333334,0.3333333333333333,-0.42238593163400695,0.0,2
67,536,547,0.5756929637526652,0.25,0.35651185905234806,0.348610609888127,0.4347826086956522,0.0,0.11094890510948907,0.0,0.4,0.11094890510948907,0.05119191557326886,0.4347826086956522,0.0,0.0,0.0,0.0,0.0,0.0,0.5833333333333334,0.4166666666666667,0.0,-0.3521410687793582,0.0,0
68,544,555,0.15195071868583163,0.2631578947368421,0.1865948283694645,0.2091676319708754,0.5217391304347826,0.0,0.31869918699186994,0.4,0.3333333333333333,0.31869918699186994,0.17852665652256391,0.5217391304347826,0.0,0.0,0.0,0.0,0.0,0.0,0.3333333333333333,0.4166666666666667,1.0,-0.52191025195147,0.0,2
69,552,563,0.2291296625222025,0.2222222222222222,0.18021368622293332,0.5890476028907814,0.5217391304347826,0.0847457627118644,0.5507998270644185,0.16666666666666663,0.6,0.46605406435255414,0.1436445261961321,0.5507998270644185,0.0,0.0,0.0,0.3333333333333333,0.0,0.0,1.0,0.5,0.0,-0.24570980359071076,0.0847457627118644,2
70,560,571,0.4108761329305136,0.2631578947368421,0.27751697390076513,0.27513117348213545,0.4347826086956522,0.10526315789473684,0.5740469208211143,0.0,0.14285714285714285,0.46878376292637747,0.26901366609743205,0.5740469208211143,0.0,0.0,0.0,0.0,0.0,0.0,1.0,0.5833333333333334,0.0,-0.5060535117388136,0.10526315789473684,2
71,568,579,0.6727574750830565,0.23809523809523808,0.4899057084958851,0.060042812029756476,0.4347826086956522,0.11428571428571432,0.4265895953757225,0.0,0.2857142857142857,0.3123038810900082,0.2323955533070663,0.4347826086956522,0.0,0.0,0.0,0.0,0.0,0.0,0.8333333333333334,0.5833333333333334,0.0,-0.666679986034667,0.11428571428571432,2
72,576,587,0.4506517690875233,0.23809523809523808,0.37838710903355754,0.49951561717053616,0.4347826086956522,0.0,0.2855626326963907,0.0,0.6,0.2855626326963907,0.10123474357214875,0.4347826086956522,0.0,0.0,0.0,0.0,0.0,0.0,0.08333333333333333,0.4166666666666667,0.0,-0.36916181932964826,0.0,2
73,584,595,0.2019704433497537,0.23809523809523808,0.15594705373594556,0.3698534542916957,0.4347826086956522,0.0,0.17573221757322177,0.0,0.4,0.17573221757322177,0.07843874366034334,0.4347826086956522,0.0,0.0,0.0,0.0,0.0,0.0,1.0,0.4166666666666667,0.0,-0.25170185318076915,0.0,2
74,592,603,0.1322314049586777,0.23809523809523808,0.1058508018170872,0.9672049689440994,0.4347826086956522,0.0,0.0,0.0,0.0,0.0,0.0,0.4347826086956522,0.0,0.0,0.0,0.0,0.0,0.0,0.25,0.08333333333333333,0.0,0.1421963192528226,0.0,1
75,600,611,0.07360406091370558,0.23809523809523808,0.0686202122750346,0.9930632192968627,0.4347826086956522,0.0,0.36733556298773695,0.0,0.0,0.36733556298773695,0.001911094683682058,0.4347826086956522,0.0,0.0,0.0,1.0,0.0,0.0,0.75,0.5,0.0,0.5486765514965434,0.0,2
76,608,619,0.2992874109263658,0.23809523809523808,0.19848091476550847,0.814988514548239,0.4347826086956522,0.046666666666666634,0.05014749262536877,0.0,0.5,0.0034808259587021384,0.00042932852081235524,0.4347826086956522,0.0,0.0,0.0,0.6666666666666666,0.0,0.0,0.3333333333333333,0.3333333333333333,0.0,0.17292098792714394,0.046666666666666634,1
77,616,627,0.12883435582822086,0.23809523809523808,0.10104508489085462,0.717627775294293,0.4347826086956522,0.047272727272727244,0.0819949281487743,0.0,0.25,0.03472220087604705,0.006536390072031902,0.4347826086956522,0.0,0.0,0.0,1.0,0.0,0.0,0.5,0.3333333333333333,0.0,0.37032515410436995,0.047272727272727244,1
78,624,635,0.4726027397260274,0.25,0.2723443146482898,0.2768079800498753,0.4782608695652174,0.2091836734693877,0.3303030303030303,0.0,0.3333333333333333,0.12111935683364261,0.05474534520223871,0.4782608695652174,0.0,0.0,0.0,0.3333333333333333,0.0,0.0,0.08333333333333333,0.25,0.0,-0.24188682035312198,0.2091836734693877,2
79,632,643,0.24101479915433405,0.25,0.16209952837859815,0.25882825808180376,0.4347826086956522,0.21311475409836067,0.5338733431516937,0.0,0.16666666666666666,0.320758589053333,0.17830290163791124,0.5338733431516937,0.0,0.0,0.0,0.0,0.0,0.0,0.0,0.5,0.0,-0.3817885185066634,0.21311475409836067,2
80,640,651,0.4475336322869955,0.23809523809523808,0.25313644365066107,0.09202490452769063,0.4347826086956522,0.015037593984962405,0.23617237869019336,0.0,0.3333333333333333,0.22113478470523096,0.17568676759810806,0.4347826086956522,0.0,0.0,0.0,1.0,0.0,0.0,0.0,0.75,0.0,-0.12251854822021527,0.015037593984962405,2
81,648,659,0.48218940052128584,0.23809523809523808,0.334157306013604,0.24085724515370055,0.4347826086956522,0.012048192771084376,0.27639751552795033,0.0,0.4,0.26434932275686596,0.14214753512624223,0.4347826086956522,0.0,0.0,0.0,1.0,0.0,0.0,0.08333333333333333,0.4166666666666667,0.0,-0.07480260065696469,0.012048192771084376,2
82,656,667,0.058394160583941604,0.2631578947368421,0.048390938257421856,0.8702978995287917,0.5217391304347826,0.12195121951219512,0.10328638497652587,0.19999999999999996,0.25,0.0,0.0,0.5217391304347826,0.0,0.0,0.0,0.0,0.0,0.0,0.08333333333333333,0.4166666666666667,0.0,-0.017099511050126893,0.12195121951219512,2
83,664,675,0.11607142857142858,0.16666666666666666,0.0724538399293806,0.5756493060327058,0.5652173913043479,0.31182795698924726,0.1364522417153996,0.25,0.3333333333333333,0.0,0.0,0.5652173913043479,0.0,0.0,0.0,1.0,0.0,0.0,0.0,0.3333333333333333,0.0,0.19268800560944013,0.31182795698924726,2
84,672,683,0.7674418604651163,0.2777777777777778,0.42831552482715274,0.024288562624614873,0.4347826086956522,0.0,0.05128205128205132,0.0,0.5,0.05128205128205132,0.027103095482649605,0.4347826086956522,0.0,0.0,0.0,1.0,0.0,0.0,0.25,0.08333333333333333,0.0,-0.14043116187453708,0.0,0
85,680,691,0.0975609756097561,0.25,0.0722767284063818,0.4761549925484352,0.4782608695652174,0.15454545454545454,0.05714285714285716,0.0,0.0,0.0,0.0,0.4782608695652174,0.0,0.0,0.0,0.0,0.0,0.0,0.16666666666666666,0.08333333333333333,0.0,-0.04597973776699309,0.15454545454545454,1
86,688,699,0.6715686274509803,0.25,0.3743089038894246,0.1304631441617743,0.4347826086956522,0.03149606299212604,0.017786561264822143,0.0,0.5,0.0,0.0,0.4347826086956522,0.0,0.0,0.0,0.6666666666666666,0.0,0.0,0.0,0.16666666666666666,0.0,-0.17280648175283797,0.03149606299212604,0
87,696,707,0.16593886462882096,0.25,0.1115735513075455,0.6461824953445066,0.4782608695652174,0.10659898477157359,0.1266666666666667,0.0,0.0,0.020067681895093115,0.004141839993866208,0.4782608695652174,0.0,0.0,0.0,0.0,0.0,0.0,0.0,0.16666666666666666,0.0,-0.00723682005051658,0.10659898477157359,1
88,704,715,0.27197802197802196,0.25,0.17805250305250303,0.6859629209231933,0.4347826086956522,0.1923076923076923,0.16210045662100458,0.0,0.3333333333333333,0.0,0.0,0.4347826086956522,0.0,0.0,0.0,0.0,0.0,0.0,0.16666666666666666,0.16666666666666666,0.0,-0.10148888336326028,0.1923076923076923,1
89,712,723,0.35714285714285715,0.23809523809523808,0.23200654307524538,0.24110878661087864,0.4347826086956522,0.010582010582010581,0.035282258064516125,0.0,0.5,0.024700247482505544,0.011715500489381388,0.4347826086956522,0.0,0.0,0.0,0.0,0.0,0.0,0.16666666666666666,0.25,0.0,-0.30016773772414335,0.010582010582010581,0
90,720,731,0.4368048533872599,0.23809523809523808,0.27993343444556795,0.45647095467995635,0.4347826086956522,0.0,0.10246305418719215,0.0,0.25,0.10246305418719215,0.04640970501911704,0.4347826086956522,0.0,0.0,0.0,1.0,0.0,0.0,0.16666666666666666,0.6666666666666666,0.0,0.1487960168564824,0.0,2
91,728,739,0.49776286353467564,0.23809523809523808,0.29841219297693117,0.14916140944760736,0.4347826086956522,0.01980198019801982,0.13971094287680663,0.0,0.8,0.11990896267878681,0.0722664140668214,0.4347826086956522,0.0,0.0,0.0,1.0,0.0,0.0,0.16666666666666666,0.4166666666666667,0.0,-0.12225317336800044,0.01980198019801982,2
92,736,747,0.05791505791505792,0.23809523809523808,0.041275558072870505,1.0,0.4347826086956522,0.028846153846153855,0.028846153846153855,0.0,0.0,0.0,0.0,0.4347826086956522,0.0,0.0,0.0,0.0,0.0,0.0,0.08333333333333333,0.0,0.0,0.17699284695846115,0.028846153846153855,1
93,744,755,0.3963963963963964,0.23809523809523808,0.22170633563038628,0.5,0.4347826086956522,0.02941176470588236,0.02400000000000002,0.0,0.0,0.0,0.0,0.4347826086956522,0.0,0.0,0.0,0.0,0.0,0.0,0.25,0.08333333333333333,0.0,-0.10003542909674541,0.02941176470588236,1
94,752,763,0.18099547511312217,0.23809523809523808,0.13040384084294607,0.6977660972404731,0.4347826086956522,0.02564102564102566,0.017921146953404965,0.0,0.0,0.0,0.0,0.4347826086956522,0.0,0.0,0.0,0.3333333333333333,0.0,0.0,0.5,0.25,0.0,0.1582599732354701,0.02564102564102566,1
95,760,771,0.2037037037037037,0.23809523809523808,0.1658762420957543,0.4285714285714286,0.4347826086956522,0.0,0.02298850574712641,0.0,0.6666666666666666,0.02298850574712641,0.008210180623973717,0.4347826086956522,0.0,0.0,0.0,0.3333333333333333,0.0,0.0,0.4166666666666667,0.25,0.0,-0.0956777500719249,0.0,1
96,768,779,0.3706293706293706,0.23809523809523808,0.25198135198135196,0.19645494830132937,0.4347826086956522,0.0,0.01948051948051943,0.0,1.0,0.01948051948051943,0.008478965642924262,0.4347826086956522,0.0,0.0,0.0,0.3333333333333333,0.0,0.0,0.16666666666666666,0.08333333333333333,0.0,-0.30042203821909685,0.0,0
97,776,787,0.13284132841328414,0.23809523809523808,0.0969962037749874,0.8984567210914784,0.4347826086956522,0.039215686274509776,0.1548387096774193,0.0,0.0,0.11562302340290953,0.007827160609098771,0.4347826086956522,0.0,0.0,0.0,0.0,0.0,0.0,0.3333333333333333,0.3333333333333333,0.0,0.10657204592022085,0.039215686274509776,1
98,784,795,0.6756756756756757,0.23809523809523808,0.36790112897707833,0.03471264367816096,0.4347826086956522,0.08108108108108103,0.16287878787878785,0.0,0.5714285714285714,0.08179770679770682,0.06250864795045831,0.4347826086956522,0.0,0.0,0.0,0.0,0.0,0.0,0.08333333333333333,0.5833333333333334,0.0,-0.5419629656110405,0.08108108108108103,0
99,792,803,0.19548872180451127,0.25,0.14285714285714285,0.8816889632107023,0.4782608695652174,0.0,0.0,0.0,0.5,0.0,0.0,0.4782608695652174,0.0,0.0,0.0,0.0,0.0,0.0,0.0,0.3333333333333333,0.0,-0.029164948323987194,0.0,1
100,800,811,0.24793388429752067,0.2,0.15454248171710566,0.3073593073593074,0.4782608695652174,0.0,0.0,0.0,0.0,0.0,0.0,0.4782608695652174,0.0,0.0,0.0,0.0,0.0,0.0,0.16666666666666666,0.08333333333333333,0.0,-0.11907832805671689,0.0,1
101,808,819,0.28421052631578947,0.3157894736842105,0.20412076703386373,0.5793357933579335,0.4347826086956522,0.0,0.3359375,0.33333333333333337,0.0,0.3359375,0.08243484778597789,0.4347826086956522,0.0,0.0,0.0,0.0,0.0,0.0,0.16666666666666666,0.16666666666666666,0.0,-0.23055634440938438,0.0,2
102,816,827,0.17687074829931973,0.23809523809523808,0.1734026944110978,0.18017309205350118,0.4347826086956522,0.0,0.0,0.0,0.0,0.0,0.0,0.4347826086956522,0.0,0.0,0.0,0.0,0.0,0.0,0.8333333333333334,0.16666666666666666,0.0,-0.14737451509184388,0.0,1
103,824,835,0.40236686390532544,0.3,0.26368343195266275,0.4655963302752294,0.4347826086956522,0.0,0.0,0.0,0.5,0.0,0.0,0.4347826086956522,0.0,0.0,0.0,0.0,0.3333333333333333,0.0,0.6666666666666666,0.16666666666666666,0.0,-0.323999816096783,0.0,0
104,832,843,0.3067226890756303,0.23809523809523808,0.32002801120448177,0.8672316384180792,0.4347826086956522,0.15135135135135136,0.3388704318936877,0.0,0.3333333333333333,0.18751908054233635,0.015560375680596407,0.4347826086956522,0.0,0.0,0.0,0.6666666666666666,0.3333333333333333,0.0,0.4166666666666667,0.25,0.0,0.08633566162854939,0.15135135135135136,2
105,840,851,0.543859649122807,0.3,0.45050125313283207,0.10720268006700162,0.4347826086956522,0.0,0.3180778032036613,0.0,1.0,0.3180778032036613,0.17748688139400282,0.4347826086956522,0.0,0.0,0.0,0.0,0.0,0.0,0.9166666666666666,0.25,0.0,-0.711429492455193,0.0,2
106,848,859,0.2062937062937063,0.2631578947368421,0.16356981387192868,0.3696108509607622,0.5217391304347826,0.02352941176470591,0.02508960573476704,0.0,0.5,0.00156019397006113,0.0005737254536550752,0.5217391304347826,0.0,0.0,0.0,1.0,0.0,0.0,0.3333333333333333,0.16666666666666666,0.0,0.154586340478452,0.02352941176470591,2
107,856,867,0.6074380165289256,0.2631578947368421,0.378253169755146,0.0782699594930093,0.4347826086956522,0.0,0.014577259475218707,0.0,0.2,0.014577259475218707,0.009517377726323429,0.4347826086956522,0.0,0.0,0.0,1.0,0.0,0.0,0.5,0.4166666666666667,0.0,0.008351879343334732,0.0,0
108,864,875,0.22784810126582278,0.23809523809523808,0.1727475800446761,0.8106093818500657,0.4347826086956522,0.0,0.007092198581560294,0.0,0.25,0.007092198581560294,0.0008954639156025275,0.4347826086956522,0.0,0.0,0.0,0.0,0.0,0.0,0.6666666666666666,0.3333333333333333,0.0,-1.873754328920714e-05,0.0,1
109,872,883,0.40298507462686567,0.25,0.28607900347884635,0.2768456375838926,0.4782608695652174,0.0,0.010695187165775444,0.0,0.6666666666666666,0.010695187165775444,0.004833919534867047,0.4782608695652174,0.0,0.0,0.0,0.0,0.0,0.0,0.9166666666666666,0.25,0.0,-0.34774139777146085,0.0,0
110,880,891,0.48344370860927155,0.25,0.34172185430463575,0.31811958010041075,0.4347826086956522,0.053254437869822535,0.3441860465116279,0.0,0.5,0.29093160864180534,0.1157219976865967,0.4347826086956522,0.0,0.0,0.0,0.0,0.0,0.0,1.0,0.16666666666666666,0.0,-0.43406922971484807,0.053254437869822535,2
111,888,899,0.27358490566037735,0.3,0.25031902287849783,0.36914001862775536,0.4347826086956522,0.04938271604938271,0.03149606299212604,0.0,0.0,0.0,0.0,0.4347826086956522,0.0,0.0,0.0,0.6666666666666666,0.0,0.0,0.5,0.08333333333333333,0.0,0.1165352549829066,0.04938271604938271,1
112,896,907,0.30845771144278605,0.3,0.2673867504582351,0.5851063829787234,0.4347826086956522,0.0,0.00462962962962965,0.0,0.0,0.00462962962962965,0.0011204688731284525,0.4347826086956522,0.0,0.0,0.0,0.0,0.0,0.0,0.3333333333333333,0.16666666666666666,0.0,-0.06782678417330122,0.0,1
113,904,915,0.31976744186046513,0.3,0.24655038759689923,0.1653718091009989,0.4347826086956522,0.15333333333333332,0.11792452830188682,0.0,0.25,0.0,0.0,0.4347826086956522,0.0,0.0,0.0,0.0,0.0,0.0,0.08333333333333333,0.25,0.0,-0.28615366579544804,0.15333333333333332,0
114,912,923,0.3356164383561644,0.23809523809523808,0.2592716338122285,0.24137931034482762,0.4347826086956522,0.0,0.0,0.0,0.5,0.0,0.0,0.4347826086956522,0.0,0.0,0.0,0.0,0.0,0.0,0.3333333333333333,0.08333333333333333,0.0,-0.2869448617775022,0.0,0
115,920,931,0.368,0.23809523809523808,0.25703370786516855,0.19584055459272098,0.4347826086956522,0.01098901098901095,0.006993006993006978,0.0,0.3333333333333333,0.0,0.0,0.4347826086956522,0.0,0.0,0.0,0.0,0.0,0.0,0.9166666666666666,0.25,0.0,-0.2741312806060765,0.01098901098901095,0
116,928,939,0.28994082840236685,0.23809523809523808,0.21600866556730364,0.5557153127246586,0.4347826086956522,0.0,0.0,0.0,0.2857142857142857,0.0,0.0,0.4347826086956522,0.0,0.0,0.0,0.0,0.0,0.0,1.0,0.5833333333333334,0.0,-0.11509179535158065,0.0,0
117,936,947,0.4808743169398907,0.25,0.3348249135719862,0.07611548556430447,0.4782608695652174,0.0,0.03082191780821919,0.1428571428571429,0.5,0.03082191780821919,0.022543414949843608,0.4782608695652174,0.0,0.0,0.0,0.0,0.0,0.0,1.0,0.5833333333333334,0.0,-0.4629423753320614,0.0,0
118,944,955,0.3476190476190476,0.25,0.25641821946169774,0.17555938037865748,0.4347826086956522,0.00952380952380949,0.08239700374531833,0.0,0.4,0.07287319422150884,0.04005308093184479,0.4347826086956522,0.0,0.0,0.0,0.3333333333333333,0.0,0.0,0.5,0.3333333333333333,0.0,-0.2064084402573456,0.00952380952380949,0
119,952,963,0.32567049808429116,0.25,0.2503773365842331,0.5302127659574468,0.4782608695652174,0.0,0.26339969372128635,0.0,0.4,0.26339969372128635,0.08249454237398585,0.4782608695652174,0.0,0.0,0.0,0.3333333333333333,0.0,0.0,0.4166666666666667,0.3333333333333333,0.0,-0.1304883567498411,0.0,2
120,960,971,0.6309963099630996,0.25,0.41232355180694663,0.08436657681940696,0.4347826086956522,0.0,0.2093023255813954,0.0,0.3333333333333333,0.2093023255813954,0.14373315363881406,0.4347826086956522,0.0,0.0,0.0,1.0,0.0,0.0,1.0,0.5,0.0,-0.16207145228372477,0.0,2
121,968,979,0.36101083032490977,0.23809523809523808,0.3254868278018601,0.49378824402002597,0.4347826086956522,0.0,0.08235294117647063,0.0,0.3333333333333333,0.08235294117647063,0.03126602022229253,0.4347826086956522,0.0,0.0,0.0,0.0,0.0,0.0,0.5,0.5,0.0,-0.21323067903481835,0.0,0
122,976,987,0.22637362637362637,0.23809523809523808,0.2362784162402483,0.6617117117117117,0.4347826086956522,0.0,0.020368574199805978,0.0,0.3333333333333333,0.020368574199805978,0.0051678375756940165,0.4347826086956522,0.0,0.0,0.0,0.6666666666666666,0.0,0.0,0.6666666666666666,0.5,0.0,0.16897251491065907,0.0,1
123,984,995,0.7084282460136674,0.25,0.42945684145343566,0.15073442777472312,0.4782608695652174,0.046511627906976716,0.0303830911492734,0.0,1.0,0.0,0.0,0.4782608695652174,0.0,0.0,0.0,0.0,0.0,0.0,0.3333333333333333,0.16666666666666666,0.0,-0.5591008756316137,0.046511627906976716,0
124,992,1003,0.13031914893617022,0.25,0.12205235346152056,0.9143059490084986,0.4347826086956522,0.009345794392523366,0.006535947712418277,0.0,0.0,0.0,0.0,0.4347826086956522,0.0,0.0,0.0,0.0,0.0,0.0,0.5,0.16666666666666666,0.0,0.11817034320193642,0.009345794392523366,1
125,1000,1011,0.36885245901639346,0.3157894736842105,0.23281332628239026,0.29441624365482233,0.4782608695652174,0.11111111111111116,0.13953488372093026,0.33333333333333337,0.5,0.028423772609819098,0.012534595154710833,0.4782608695652174,0.0,0.0,0.0,0.0,0.0,0.0,0.3333333333333333,0.25,0.0,-0.4175465085940138,0.11111111111111116,2
126,1008,1019,0.21787709497206703,0.2,0.18775628147618129,0.6564277588168372,0.4782608695652174,0.0,0.02473498233215543,0.25,0.3333333333333333,0.02473498233215543,0.00566550221032305,0.4782608695652174,0.0,0.0,0.0,0.0,0.0,0.0,1.0,0.3333333333333333,0.0,-0.14875988040984692,0.0,2
127,1016,1027,0.40217391304347827,0.25,0.2875067096081589,0.30748898678414094,0.4347826086956522,0.0,0.0,0.0,0.3333333333333333,0.0,0.0,0.4347826086956522,0.0,0.0,0.0,0.0,0.0,0.0,0.75,0.25,0.0,-0.2496687203388027,0.0,0
128,1024,1035,0.39664804469273746,0.23809523809523808,0.3161018001241465,0.3185689948892675,0.4347826086956522,0.0,0.013274336283185861,0.0,0.2,0.013274336283185861,0.006407260556904021,0.4347826086956522,0.0,0.0,0.0,0.3333333333333333,0.0,0.0,1.0,0.4166666666666667,0.0,-0.09809734625282138,0.0,0
129,1032,1043,0.32338308457711445,0.23809523809523808,0.2676028723378183,0.22271386430678464,0.4347826086956522,0.008196721311475419,0.019607843137254943,0.0,0.5,0.011411121825779524,0.005913137858589783,0.4347826086956522,0.0,0.0,0.0,0.0,0.0,0.0,0.5,0.3333333333333333,0.0,-0.29924204458896314,0.008196721311475419,0
130,1040,1051,0.1708542713567839,0.23809523809523808,0.1422991735930839,0.9004233700254022,0.4347826086956522,0.016393442622950838,0.16839378238341973,0.0,0.5,0.1520003397604689,0.008829147593199128,0.4347826086956522,0.0,0.0,0.0,0.6666666666666666,0.0,0.0,0.5,0.16666666666666666,0.0,0.23647800743989428,0.016393442622950838,1
131,1048,1059,0.8116343490304709,0.2631578947368421,0.46000436663346206,0.01336519738006725,0.5217391304347826,0.016129032258064502,0.17923186344238973,0.0,0.5,0.16310283118432523,0.09387170896384105,0.5217391304347826,0.0,0.0,0.0,0.3333333333333333,0.0,0.0,0.25,0.16666666666666666,0.0,-0.49859160255567175,0.016129032258064502,2
132,1056,1067,0.13056379821958458,0.2631578947368421,0.0932074310246859,0.9052402477816842,0.4347826086956522,0.02857142857142858,0.013157894736842146,0.0,0.25,0.0,0.0,0.4347826086956522,0.0,0.0,0.0,0.0,0.0,0.0,0.25,0.25,0.0,0.05997400180163127,0.02857142857142858,1
133,1064,1075,0.23157894736842105,0.23809523809523808,0.14403806125483198,0.6413199426111909,0.4347826086956522,0.01666666666666672,0.012658227848101222,0.0,0.3333333333333333,0.0,0.0,0.4347826086956522,0.0,0.0,0.0,0.0,0.0,0.0,0.5833333333333334,0.16666666666666666,0.0,-0.07316808906263715,0.01666666666666672,1
134,1072,1083,0.27007299270072993,0.23809523809523808,0.197148297592601,0.6540084388185654,0.4347826086956522,0.19801980198019797,0.11111111111111116,0.0,0.2,0.0,0.0,0.4347826086956522,0.0,0.0,0.0,0.0,0.0,0.0,0.6666666666666666,0.4166666666666667,0.0,-0.08475216982973255,0.19801980198019797,1
135,1080,1091,0.3958333333333333,0.25,0.2640323691460055,0.2406639004149378,0.4782608695652174,0.5423728813559322,0.36363636363636365,0.0,0.4,0.0,0.0,0.4782608695652174,0.0,0.0,0.0,0.3333333333333333,0.0,0.0,0.08333333333333333,0.4166666666666667,0.0,-0.2456900904796065,0.5423728813559322,2
136,1088,1099,0.32608695652173914,0.25,0.3075388911049063,0.37542087542087543,0.4347826086956522,0.005952380952380931,0.01379310344827589,0.0,0.5,0.007840722495894958,0.002856671762323121,0.4347826086956522,0.0,0.0,0.0,0.3333333333333333,0.0,0.0,0.5,0.16666666666666666,0.0,-0.1271880693421252,0.005952380952380931,0
137,1096,1107,0.5285714285714286,0.23809523809523808,0.327369826435247,0.14117647058823535,0.4347826086956522,0.0,0.01038062283737029,0.0,0.2,0.01038062283737029,0.006314878892733592,0.4347826086956522,0.0,0.0,0.0,0.3333333333333333,0.0,0.0,0.6666666666666666,0.4166666666666667,0.0,-0.18936981204031203,0.0,0
138,1104,1115,0.31443298969072164,0.23809523809523808,0.2409269020851798,0.37913156189241737,0.4347826086956522,0.0,0.0,0.0,0.4,0.0,0.0,0.4347826086956522,0.0,0.0,0.0,0.0,0.0,0.0,0.5833333333333334,0.4166666666666667,0.0,-0.21014668583405555,0.0,0
139,1112,1123,0.375,0.23809523809523808,0.2732843137254902,0.4331395348837209,0.4347826086956522,0.0,0.007692307692307665,0.0,0.3333333333333333,0.007692307692307665,0.0027252906976744087,0.4347826086956522,0.0,0.0,0.0,0.3333333333333333,0.0,0.0,0.4166666666666667,0.25,0.0,-0.0723250087446506,0.0,0
140,1120,1131,0.3813559322033898,0.23809523809523808,0.3165520919758208,0.173469387755102,0.4347826086956522,0.0,0.0,0.0,0.5,0.0,0.0,0.4347826086956522,0.0,0.0,0.0,0.0,0.0,0.0,0.75,0.16666666666666666,0.0,-0.33040740657384515,0.0,0
141,1128,1139,0.39473684210526316,0.23809523809523808,0.3020195838433293,0.4167987321711569,0.4347826086956522,0.0,0.0,0.0,0.25,0.0,0.0,0.4347826086956522,0.0,0.0,0.0,0.0,0.0,0.0,0.4166666666666667,0.3333333333333333,0.0,-0.19300337818695013,0.0,0
142,1136,1147,0.2645161290322581,0.3684210526315789,0.20570439219974485,0.6117381489841986,0.4347826086956522,0.0,0.15981735159817356,0.0,0.3333333333333333,0.15981735159817356,0.03878186297246875,0.4347826086956522,0.0,0.0,0.0,0.0,0.0,0.0,0.25,0.25,0.0,-0.16131252802095308,0.0,2
143,1144,1155,0.5923566878980892,0.25,0.3881323669375503,0.082921757213413,0.4782608695652174,0.0,0.13725490196078427,0.0,0.4,0.13725490196078427,0.08916038471536261,0.4782608695652174,0.0,0.0,0.0,0.0,0.0,0.0,0.16666666666666666,0.4166666666666667,0.0,-0.4993666759534887,0.0,2
144,1152,1163,0.2651162790697674,0.25,0.20711954304365565,0.4007316262055205,0.4347826086956522,0.09433962264150941,0.03900709219858156,0.0,0.4,0.0,0.0,0.4347826086956522,0.0,0.0,0.0,0.0,0.0,0.0,0.6666666666666666,0.4166666666666667,0.0,-0.20216146354259978,0.09433962264150941,0
145,1160,1171,0.31221719457013575,0.3,0.22812505819041767,0.8882113821138211,0.4347826086956522,0.1694915254237288,0.1628664495114006,0.0,0.0,0.0,0.0,0.4347826086956522,0.0,0.0,0.0,0.0,0.0,0.0,0.5833333333333334,0.08333333333333333,0.0,0.017165673912391353,0.1694915254237288,1
146,1168,1179,0.17415730337078653,0.23809523809523808,0.173783853997532,0.5833333333333333,0.4347826086956522,0.0,0.0,0.0,0.0,0.0,0.0,0.4347826086956522,0.0,0.0,0.0,0.0,0.0,0.0,0.5,0.08333333333333333,0.0,-0.00977168389798179,0.0,1
147,1176,1187,0.26495726495726496,0.23809523809523808,0.19467958941643151,0.9474497681607419,0.4347826086956522,0.0,0.03246753246753242,0.0,0.2,0.03246753246753242,0.0012085415872123736,0.4347826086956522,0.0,0.0,0.0,0.0,0.0,0.0,0.5833333333333334,0.4166666666666667,0.0,0.045082138431697574,0.0,1
148,1184,1195,0.4666666666666667,0.25,0.30666666666666664,0.1364275668073136,0.4782608695652174,0.015151515151515138,0.016759776536312887,0.1428571428571429,0.3333333333333333,0.001608261384797749,0.0010995064061797082,0.4782608695652174,0.0,0.0,0.0,0.0,0.0,0.0,0.5833333333333334,0.5833333333333334,0.0,-0.37840425226876817,0.015151515151515138,0
149,1192,1203,0.18633540372670807,0.2,0.19824016563146996,0.8020477815699658,0.4782608695652174,0.0,0.017699115044247815,0.5,1.0,0.017699115044247815,0.002043754467566728,0.5,0.0,0.0,0.0,0.3333333333333333,0.0,0.0,0.16666666666666666,0.16666666666666666,0.0,-0.18057525200499977,0.0,2
150,1200,1211,0.41964285714285715,0.3157894736842105,0.2926435144609991,0.49606299212598426,0.4347826086956522,0.0337078651685393,0.025000000000000022,0.0,0.0,0.0,0.0,0.4347826086956522,0.0,0.0,0.0,0.3333333333333333,0.0,0.0,0.5833333333333334,0.25,0.0,-0.007219636136389393,0.0337078651685393,1
151,1208,1219,0.3790322580645161,0.25,0.28261957730812015,0.5452054794520548,0.4782608695652174,0.045454545454545414,0.006993006993006978,0.0,0.3333333333333333,0.0,0.0,0.4782608695652174,0.0,0.0,0.0,0.0,0.0,0.0,0.5,0.4166666666666667,0.0,-0.17925766413181948,0.045454545454545414,0
152,1216,1227,0.3333333333333333,0.2631578947368421,0.24316939890710382,0.22009907997169142,0.4782608695652174,0.06451612903225812,0.03191489361702127,0.0,0.6666666666666666,0.0,0.0,0.4782608695652174,0.0,0.0,0.0,0.3333333333333333,0.0,0.0,0.4166666666666667,0.16666666666666666,0.0,-0.2245333696580551,0.06451612903225812,0
153,1224,1235,0.24242424242424243,0.25,0.17505827505827506,0.2830470500373413,0.4347826086956522,0.10420841683366733,0.0980392156862745,0.0,0.0,0.0,0.0,0.4347826086956522,0.0,0.0,0.0,0.0,0.0,0.0,0.16666666666666666,0.08333333333333333,0.0,-0.1448912622692204,0.10420841683366733,1
154,1232,1243,0.5082644628099173,0.23809523809523808,0.3329783852511125,0.1503040834057341,0.4347826086956522,0.061224489795918324,0.0546875,0.0,0.5,0.0,0.0,0.4347826086956522,0.0,0.0,0.0,0.0,0.0,0.0,0.16666666666666666,0.16666666666666666,0.0,-0.37834389304500654,0.061224489795918324,0
155,1240,1251,0.20398009950248755,0.23809523809523808,0.13999004975124377,0.5857142857142856,0.4347826086956522,0.03157894736842104,0.023255813953488413,0.0,0.0,0.0,0.0,0.4347826086956522,0.0,0.0,0.0,0.0,0.0,0.0,0.75,0.16666666666666666,0.0,-0.014177132578363496,0.03157894736842104,1
156,1248,1259,0.019216823785351705,0.23809523809523808,0.0172926591857251,0.7842424242424242,0.4347826086956522,0.0,0.007383966244725704,0.0,0.4,0.007383966244725704,0.0011284788816434336,0.4347826086956522,0.0,0.0,0.0,0.6666666666666666,0.0,0.0,1.0,0.4166666666666667,0.0,0.28499758203771985,0.0,1
157,1256,1267,0.9364303178484108,0.23809523809523808,0.4734801641892107,0.4669579464773348,0.4347826086956522,0.0018188432157147938,0.04383735705209657,0.0,0.2,0.04201851383638178,0.01586499138843179,0.4347826086956522,0.0,0.0,0.0,1.0,0.0,0.0,0.8333333333333334,0.4166666666666667,0.0,0.04887746768061021,0.0018188432157147938,0
158,1264,1275,0.05622347949080622,0.3,0.03842642506008843,0.12545101304468498,0.4347826086956522,0.03252032520325199,0.255868544600939,0.0,0.2857142857142857,0.223348219397687,0.14649671925939045,0.4347826086956522,0.0,0.0,0.0,1.0,0.0,0.0,0.5,0.5,0.0,0.0394833376263351,0.03252032520325199,2
159,1272,1283,0.18660287081339713,0.23809523809523808,0.09875534110690969,0.8203080433542499,0.4347826086956522,0.0,0.0,0.0,0.4,0.0,0.0,0.4347826086956522,0.0,0.0,0.0,0.0,0.0,0.0,0.16666666666666666,0.4166666666666667,0.0,-0.006433175007932501,0.0,1
160,1280,1291,0.40425531914893614,0.23809523809523808,0.2637714951909064,0.3001988071570576,0.4347826086956522,0.0,0.0,0.0,0.25,0.0,0.0,0.4347826086956522,0.0,0.0,0.0,0.0,0.0,0.0,0.5,0.3333333333333333,0.0,-0.22785676168391583,0.0,0
161,1288,1299,0.3238095238095238,0.25,0.25434173669467786,0.31448763250883394,0.4782608695652174,0.16153846153846152,0.1428571428571429,0.0,0.0,0.0,0.0,0.4782608695652174,0.0,0.0,0.0,0.0,0.0,0.0,0.4166666666666667,0.08333333333333333,0.0,-0.18454197332525074,0.16153846153846152,2
162,1296,1307,0.2037037037037037,0.25,0.16211970899470898,0.8528769118718136,0.4347826086956522,0.027649769585253448,0.028277634961439535,0.0,0.25,0.0006278653761860875,6.158232871550845e-05,0.4347826086956522,0.0,0.0,0.0,0.3333333333333333,0.0,0.0,0.25,0.3333333333333333,0.0,0.14278723258967388,0.027649769585253448,1
163,1304,1315,0.323943661971831,0.23809523809523808,0.20604477931418297,0.4793729372937293,0.4347826086956522,0.03529411764705881,0.014975041597337757,0.0,0.3333333333333333,0.0,0.0,0.4347826086956522,0.0,0.0,0.0,0.0,0.0,0.0,0.16666666666666666,0.25,0.0,-0.16250563498106627,0.03529411764705881,1
164,1312,1323,0.19174041297935104,0.23809523809523808,0.16464344069041903,0.7792111138675266,0.4347826086956522,0.0,0.017241379310344862,0.0,0.5,0.017241379310344862,0.0022205778777691335,0.4347826086956522,0.0,0.0,0.0,0.0,0.0,0.0,0.5833333333333334,0.16666666666666666,0.0,-0.057616826112729086,0.0,1
165,1320,1331,0.3121951219512195,0.23809523809523808,0.22285148767718044,0.1859205776173285,0.4347826086956522,0.0,0.012820512820512775,0.0,0.25,0.012820512820512775,0.006957943781048449,0.4347826086956522,0.0,0.0,0.0,0.0,0.0,0.0,0.4166666666666667,0.3333333333333333,0.0,-0.24605045877250384,0.0,0
166,1328,1339,0.4393939393939394,0.23809523809523808,0.2962735462735463,0.48747152619589973,0.4347826086956522,0.010638297872340385,0.008733624454148492,0.0,1.0,0.0,0.0,0.4347826086956522,0.0,0.0,0.0,0.0,0.0,0.0,0.5,0.16666666666666666,0.0,-0.34436064754033646,0.010638297872340385,0
167,1336,1347,0.39325842696629215,0.23809523809523808,0.3210311273587442,0.4401114206128134,0.4347826086956522,0.020547945205479423,0.03508771929824561,0.0,0.0,0.014539774092766189,0.005087908413380925,0.4347826086956522,0.0,0.0,0.0,0.0,0.0,0.0,0.3333333333333333,0.25,0.0,-0.14134399081319085,0.020547945205479423,0
168,1344,1355,0.41916167664670656,0.23809523809523808,0.32225689466138147,0.2012987012987013,0.4347826086956522,0.0,0.023474178403755874,0.0,0.3333333333333333,0.023474178403755874,0.014061642582769346,0.4347826086956522,0.0,0.0,0.0,1.0,0.0,0.0,0.08333333333333333,0.5,0.0,0.07231545585394533,0.0,2
169,1352,1363,0.3974358974358974,0.23809523809523808,0.30883699633699635,0.31504424778761064,0.4347826086956522,0.0,0.0,0.0,0.75,0.0,0.0,0.4347826086956522,0.0,0.0,0.0,0.0,0.0,0.0,0.3333333333333333,0.3333333333333333,0.0,-0.33942082929895545,0.0,0
170,1360,1371,0.2931937172774869,0.23809523809523808,0.2504929625348473,0.6753138075313807,0.4347826086956522,0.0,0.0738461538461539,0.0,0.125,0.0738461538461539,0.01998068876729966,0.4347826086956522,0.0,0.0,0.0,0.3333333333333333,0.0,0.0,0.4166666666666667,0.6666666666666666,0.0,0.06069200463253048,0.0,1
171,1368,1379,0.4406779661016949,0.23809523809523808,0.3461454346637507,0.22822085889570554,0.4347826086956522,0.0,0.028301886792452824,0.0,0.6666666666666666,0.028301886792452824,0.016382104410232662,0.4347826086956522,0.0,0.0,0.0,0.0,0.0,0.0,0.25,0.5,0.0,-0.3832183266043938,0.0,0
172,1376,1387,0.2857142857142857,0.23809523809523808,0.20864661654135336,0.7737174982431483,0.4347826086956522,0.0,0.0,0.0,0.5,0.0,0.0,0.4347826086956522,0.0,0.0,0.0,0.0,0.0,0.0,0.3333333333333333,0.16666666666666666,0.0,-0.08585890120210235,0.0,1
173,1384,1395,0.2462686567164179,0.25,0.20788009107007335,0.4042553191489362,0.4782608695652174,0.2532188841201717,0.23983739837398377,0.0,0.0,0.0,0.0,0.4782608695652174,0.0,0.0,0.0,0.3333333333333333,0.0,0.0,0.5,0.08333333333333333,0.0,-0.015684269615293706,0.2532188841201717,2
174,1392,1403,0.32456140350877194,0.21052631578947367,0.21855775803144226,0.9698658410732715,0.5217391304347826,0.25764192139737996,0.39594843462246776,0.0,0.0,0.1383065132250878,0.00243118776257378,0.5217391304347826,0.0,0.0,0.0,1.0,0.0,0.0,0.5,0.16666666666666666,0.0,0.40525565923738477,0.25764192139737996,2
175,1400,1411,0.525,0.2631578947368421,0.3336864406779661,0.07693796574083034,0.4347826086956522,0.0,0.2810810810810811,0.0,0.5,0.2810810810810811,0.16215954655904333,0.4347826086956522,0.0,0.0,0.0,1.0,0.0,0.0,0.3333333333333333,0.25,0.0,-0.18458479249486992,0.0,2
176,1408,1419,0.3897058823529412,0.23809523809523808,0.26273373587845733,0.6293696065525816,0.4347826086956522,0.0,0.02447552447552448,0.0,0.3333333333333333,0.02447552447552448,0.006803529949646668,0.4347826086956522,0.0,0.0,0.0,0.0,0.0,0.0,0.5833333333333334,0.5,0.0,-0.137687880401058,0.0,0
177,1416,1427,0.35638297872340424,0.2631578947368421,0.2488985600687728,0.4551569506726457,0.5217391304347826,0.01904761904761909,0.12105263157894741,0.0,0.25,0.10200501253132832,0.03473545129640244,0.5217391304347826,0.0,0.0,0.0,0.3333333333333333,0.0,0.0,0.5833333333333334,0.25,0.0,-0.09652959013799091,0.01904761904761909,2
178,1424,1435,0.26582278481012656,0.21052631578947367,0.20743062317429406,0.1288981288981289,0.4782608695652174,0.015151515151515138,0.027027027027026973,0.0,0.25,0.011875511875511835,0.0068965204100339,0.4782608695652174,0.0,0.0,0.0,0.0,0.0,0.0,0.5833333333333334,0.3333333333333333,0.0,-0.2592745368334512,0.015151515151515138,0
179,1432,1443,0.36809815950920244,0.25,0.27857644293868083,0.37386443046820406,0.4347826086956522,0.0,0.0,0.0,0.5,0.0,0.0,0.4347826086956522,0.0,0.0,0.0,0.0,0.0,0.0,0.5833333333333334,0.3333333333333333,0.0,-0.2546636223748412,0.0,0
180,1440,1451,0.24050632911392406,0.23809523809523808,0.20607406007935009,0.4980988593155894,0.4347826086956522,0.024390243902439046,0.028301886792452824,0.0,0.25,0.003911642890013778,0.0013088386856319862,0.4347826086956522,0.0,0.0,0.0,0.0,0.0,0.0,0.3333333333333333,0.3333333333333333,0.0,-0.11912780309323008,0.024390243902439046,1
181,1448,1459,0.328,0.23809523809523808,0.2469145728643216,0.18134715025906734,0.4347826086956522,0.0,0.0,0.0,0.6666666666666666,0.0,0.0,0.4347826086956522,0.0,0.0,0.0,0.0,0.0,0.0,0.3333333333333333,0.25,0.0,-0.340122575464348,0.0,0
182,1456,1467,0.18114143920595532,0.23809523809523808,0.1311112601435182,0.9522854851643946,0.4347826086956522,0.0,0.05034965034965033,0.0,0.0,0.05034965034965033,0.00150150571160996,0.4347826086956522,0.0,0.0,0.0,1.0,0.0,0.0,0.4166666666666667,0.25,0.0,0.5003150990229545,0.0,1
183,1464,1475,0.7853535353535354,0.3157894736842105,0.4393939393939394,0.15059767908559463,0.4782608695652174,0.0,0.2503160556257902,0.25,0.6666666666666666,0.2503160556257902,0.14174602574045703,0.4782608695652174,0.0,0.0,0.0,1.0,0.0,0.0,0.08333333333333333,0.3333333333333333,0.0,-0.34113766495421416,0.0,2
184,1472,1483,0.125,0.3333333333333333,0.10562354312354312,0.964259121370067,0.4782608695652174,0.0,0.0,0.0,0.0,0.0,0.0,0.4782608695652174,0.0,0.0,0.0,0.0,0.0,0.0,0.4166666666666667,0.16666666666666666,0.0,0.1161184721992372,0.0,1
185,1480,1491,0.2890625,0.25,0.18876717493297587,0.6308724832214765,0.4347826086956522,0.0,0.0,0.0,1.0,0.0,0.0,0.4347826086956522,0.0,0.0,0.0,0.0,0.0,0.0,0.75,0.08333333333333333,0.0,-0.24372737110567716,0.0,0
186,1488,1499,0.3333333333333333,0.23809523809523808,0.27575757575757576,0.7847358121330724,0.4347826086956522,0.0,0.0,0.0,0.0,0.0,0.0,0.4347826086956522,0.0,0.0,0.0,0.3333333333333333,0.0,0.0,0.8333333333333334,0.3333333333333333,0.0,0.13199782905202795,0.0,1
187,1496,1507,0.34946236559139787,0.23809523809523808,0.24052065647990944,0.10144927536231885,0.4347826086956522,0.046052631578947345,0.032558139534883734,0.0,1.0,0.0,0.0,0.4347826086956522,0.0,0.0,0.0,0.3333333333333333,0.0,0.0,0.5,0.25,0.0,-0.3244332298136646,0.046052631578947345,0
188,1504,1515,0.55,0.23809523809523808,0.3654761904761905,0.18968133535660092,0.4347826086956522,0.037234042553191515,0.02892561983471076,0.0,0.0,0.0,0.0,0.4347826086956522,0.0,0.0,0.0,0.0,0.0,0.0,0.25,0.3333333333333333,0.0,-0.26638848341763505,0.037234042553191515,0
189,1512,1523,0.3172043010752688,0.23809523809523808,0.251903585944333,0.13153153153153152,0.4347826086956522,0.0,0.0,0.0,0.3333333333333333,0.0,0.0,0.4347826086956522,0.0,0.0,0.0,0.0,0.0,0.0,0.9166666666666666,0.25,0.0,-0.282249521089338,0.0,0
190,1520,1531,0.33783783783783783,0.23809523809523808,0.24141891891891892,0.3908629441624365,0.4347826086956522,0.0,0.0,0.0,0.0,0.0,0.0,0.4347826086956522,0.0,0.0,0.0,0.0,0.0,0.0,0.75,0.08333333333333333,0.0,-0.12339564548468765,0.0,1
191,1528,1539,0.421875,0.23809523809523808,0.3109375,0.2451612903225806,0.4347826086956522,0.00877192982456143,0.006993006993006978,0.0,0.0,0.0,0.0,0.4347826086956522,0.0,0.0,0.0,0.0,0.0,0.0,0.9166666666666666,0.16666666666666666,0.0,-0.20525151753419313,0.00877192982456143,0
192,1536,1547,0.28217821782178215,0.23809523809523808,0.23241330982413308,0.797752808988764,0.4347826086956522,0.0,0.0,0.0,0.125,0.0,0.0,0.4347826086956522,0.0,0.0,0.0,0.0,0.0,0.0,1.0,0.6666666666666666,0.0,0.001313034596857384,0.0,1
193,1544,1555,0.4927536231884058,0.23809523809523808,0.3292913844585245,0.313862607980255,0.4347826086956522,0.0,0.0,0.0,0.75,0.0,0.0,0.4347826086956522,0.0,0.0,0.0,0.0,0.0,0.0,1.0,0.3333333333333333,0.0,-0.36447427636088336,0.0,0
194,1552,1563,0.2830188679245283,0.23809523809523808,0.2232214962190735,0.11702786377708974,0.4347826086956522,0.0,0.004310344827586188,0.0,0.25,0.004310344827586188,0.0025372762535140984,0.4347826086956522,0.0,0.0,0.0,0.0,0.0,0.0,0.3333333333333333,0.3333333333333333,0.0,-0.2587011396023194,0.0,0
195,1560,1571,0.4864864864864865,0.3888888888888889,0.3320862184498548,0.32019272886552785,0.4782608695652174,0.0,0.22456140350877196,0.25,0.6666666666666666,0.22456140350877196,0.10177231661428356,0.4782608695652174,0.0,0.0,0.0,0.3333333333333333,0.0,0.0,0.16666666666666666,0.3333333333333333,0.0,-0.4249267264523528,0.0,2
196,1568,1579,0.44387755102040816,0.35294117647058826,0.3088952972493345,0.20126033871602989,0.5217391304347826,0.0,0.0,0.0,0.5,0.0,0.0,0.5217391304347826,0.0,0.0,0.0,0.3333333333333333,0.0,0.0,0.16666666666666666,0.16666666666666666,0.0,-0.24647105335961123,0.0,2
197,1576,1587,0.4634146341463415,0.2631578947368421,0.3122760374523177,0.33849129593810445,0.4347826086956522,0.014084507042253502,0.007575757575757569,0.0,0.5,0.0,0.0,0.4347826086956522,0.0,0.0,0.0,0.0,0.0,0.0,0.25,0.16666666666666666,0.0,-0.29820713665666987,0.014084507042253502,0
198,1584,1595,0.19337016574585636,0.23809523809523808,0.17659375867201493,0.5993727949823598,0.4347826086956522,0.0,0.2904411764705882,0.0,0.125,0.2904411764705882,0.09696553062620578,0.4347826086956522,0.0,0.0,0.0,0.6666666666666666,0.0,0.0,0.4166666666666667,0.6666666666666666,0.0,0.11981692320589246,0.0,2
199,1592,1603,0.3254437869822485,0.23809523809523808,0.2661701693531932,0.24413710162357183,0.4347826086956522,0.0,0.05241935483870963,0.0,0.42857142857142855,0.05241935483870963,0.031367294337865864,0.4347826086956522,0.0,0.0,0.0,0.0,0.0,0.0,0.5,0.5833333333333334,0.0,-0.30066397446142157,0.0,0
200,1600,1611,0.27439024390243905,0.23809523809523808,0.23441734417344173,0.8067226890756303,0.4347826086956522,0.0,0.0,0.0,1.0,0.0,0.0,0.4347826086956522,0.0,0.0,0.0,0.0,0.0,0.0,0.16666666666666666,0.16666666666666666,0.0,-0.18678457809422816,0.0,0
201,1608,1619,0.4785714285714286,0.25,0.3262422360248447,0.27611940298507465,0.4782608695652174,0.07361963190184051,0.06779661016949157,0.0,0.0,0.0,0.0,0.4782608695652174,0.0,0.0,0.0,0.0,0.0,0.0,0.4166666666666667,0.08333333333333333,0.0,-0.23138905584488484,0.07361963190184051,0
202,1616,1627,0.018434782608695653,0.25,0.01633544685990338,0.9587432561091717,0.4347826086956522,0.0051132213294375894,0.011085751548744693,0.0,0.0,0.005972530219307104,0.00015400446852386625,0.4347826086956522,0.0,0.0,0.0,1.0,0.0,0.0,0.4166666666666667,0.25,0.0,0.5574035128874398,0.0051132213294375894,1
203,1624,1635,0.06532834297380061,0.23809523809523808,0.08571456936488439,0.2056628056628057,0.4347826086956522,0.0,0.03266787658802173,0.0,0.3333333333333333,0.03266787658802173,0.01621831839617681,0.4347826086956522,0.0,0.0,0.0,1.0,0.0,0.0,0.6666666666666666,0.25,0.0,0.19206352748574212,0.0,1
204,1632,1643,0.13544668587896252,0.23809523809523808,0.07346846828767067,0.8961853688151371,0.4347826086956522,0.0,0.0,0.0,0.2,0.0,0.0,0.4347826086956522,0.0,0.0,0.0,0.3333333333333333,0.0,0.0,0.5833333333333334,0.4166666666666667,0.0,0.20583778010847445,0.0,1
205,1640,1651,0.13612565445026178,0.23809523809523808,0.15420847553774192,0.9552841957304753,0.4347826086956522,0.0,0.46784922394678496,0.0,0.3333333333333333,0.46784922394678496,0.0156901907442401,0.46784922394678496,0.0,0.0,0.0,0.3333333333333333,0.0,0.0,0.08333333333333333,0.5,0.0,0.16622528279141732,0.0,2
206,1648,1659,0.15513126491646778,0.23809523809523808,0.17646673135933277,0.935475455454585,0.4347826086956522,0.0,0.0,0.0,0.25,0.0,0.0,0.4347826086956522,0.0,0.0,0.0,0.0,0.0,0.0,0.5,0.3333333333333333,0.0,0.058659448158069734,0.0,1
207,1656,1667,0.39204545454545453,0.23809523809523808,0.23710253947930005,0.07788595271210019,0.4347826086956522,0.0,0.0,0.0,0.6,0.0,0.0,0.4347826086956522,0.0,0.0,0.0,0.0,0.0,0.0,1.0,0.4166666666666667,0.0,-0.3729565499543463,0.0,0
208,1664,1675,0.35766423357664234,0.25,0.2593876723438767,0.8700947225981055,0.4782608695652174,0.010526315789473717,0.009433962264150941,0.0,0.0,0.0,0.0,0.4782608695652174,0.0,0.0,0.0,0.0,0.0,0.0,0.6666666666666666,0.08333333333333333,0.0,0.018659954601827896,0.010526315789473717,1
209,1672,1683,0.2518518518518518,0.21052631578947367,0.20502197112366605,0.7906458797327394,0.5217391304347826,0.025000000000000022,0.013698630136986356,0.0,0.0,0.0,0.0,0.5217391304347826,0.0,0.0,0.0,0.3333333333333333,0.0,0.0,0.25,0.25,0.0,0.14674755802837333,0.025000000000000022,1
210,1680,1691,0.5826771653543307,0.2631578947368421,0.3822476735862562,0.056097560975609806,0.4347826086956522,0.00952380952380949,0.016853932584269704,0.0,0.5,0.007330123060460214,0.004612614023411549,0.4347826086956522,0.0,0.0,0.0,0.3333333333333333,0.0,0.0,0.4166666666666667,0.3333333333333333,0.0,-0.310315500642763,0.00952380952380949,0
211,1688,1699,0.28368794326241137,0.23809523809523808,0.2418439716312057,0.3782051282051282,0.4347826086956522,0.07826086956521738,0.06369426751592355,0.0,0.0,0.0,0.0,0.4347826086956522,0.0,0.0,0.0,0.0,0.0,0.0,0.4166666666666667,0.08333333333333333,0.0,-0.1276019660265729,0.07826086956521738,1
212,1696,1707,0.5092592592592593,0.23809523809523808,0.3558566234946603,0.13006396588486135,0.4347826086956522,0.010638297872340385,0.01379310344827589,0.0,0.5,0.0031548055759355043,0.0016009461131613007,0.4347826086956522,0.0,0.0,0.0,0.0,0.0,0.0,0.6666666666666666,0.16666666666666666,0.0,-0.38357548842942174,0.010638297872340385,0
213,1704,1715,0.2949640287769784,0.2631578947368421,0.24100719424460432,0.39789964994165694,0.5217391304347826,0.15000000000000002,0.06622516556291391,0.0,0.0,0.0,0.0,0.5217391304347826,0.0,0.0,0.0,0.3333333333333333,0.0,0.0,0.5833333333333334,0.3333333333333333,0.0,-0.03097186339641773,0.15000000000000002,2
214,1712,1723,0.3422459893048128,0.2631578947368421,0.2668167745567126,0.4528933524629364,0.4347826086956522,0.0,0.05555555555555558,0.0,0.42857142857142855,0.05555555555555558,0.02406256088704679,0.4347826086956522,0.0,0.0,0.0,0.0,0.0,0.0,0.4166666666666667,0.5833333333333334,0.0,-0.23070626736830482,0.0,0
215,1720,1731,0.3445378151260504,0.23809523809523808,0.25060992138791,0.30745747928477973,0.4347826086956522,0.09895833333333337,0.11846689895470386,0.0,1.0,0.01950856562137049,0.008444069506851379,0.4347826086956522,0.0,0.0,0.0,0.0,0.0,0.0,0.16666666666666666,0.25,0.0,-0.3981696984977675,0.09895833333333337,0
216,1728,1739,0.34517766497461927,0.23809523809523808,0.22698213792664018,0.5666982024597919,0.4347826086956522,0.11363636363636365,0.13461538461538458,0.0,0.0,0.020979020979020935,0.0049238840629569,0.4347826086956522,0.0,0.0,0.0,0.0,0.0,0.0,0.08333333333333333,0.08333333333333333,0.0,-0.08459713766348004,0.11363636363636365,1
217,1736,1747,0.20710059171597633,0.23809523809523808,0.15934428727429717,0.3628571428571429,0.4347826086956522,0.008695652173912993,0.006802721088435382,0.0,0.0,0.0,0.0,0.4347826086956522,0.0,0.0,0.0,0.0,0.0,0.0,0.25,0.08333333333333333,0.0,-0.09068633791173299,0.008695652173912993,1
218,1744,1755,0.3333333333333333,0.23809523809523808,0.24074074074074073,0.6263736263736264,0.4347826086956522,0.0,0.0,0.0,0.0,0.0,0.0,0.4347826086956522,0.0,0.0,0.0,0.0,0.0,0.0,0.4166666666666667,0.16666666666666666,0.0,-0.04220895046982002,0.0,1
219,1752,1763,0.25396825396825395,0.23809523809523808,0.20976558393776937,0.25106382978723407,0.4347826086956522,0.0,0.0,0.0,0.0,0.0,0.0,0.4347826086956522,0.0,0.0,0.0,0.0,0.0,0.0,0.5,0.08333333333333333,0.0,-0.14677843562434112,0.0,1
220,1760,1771,0.4482758620689655,0.23809523809523808,0.30521901211556385,0.2451612903225806,0.4347826086956522,0.00877192982456143,0.006993006993006978,0.0,0.0,0.0,0.0,0.4347826086956522,0.0,0.0,0.0,0.0,0.0,0.0,0.9166666666666666,0.16666666666666666,0.0,-0.21003037937016705,0.00877192982456143,0
221,1768,1779,0.31547619047619047,0.23809523809523808,0.25600399119185246,0.6910994764397906,0.4347826086956522,0.0,0.0,0.0,0.3333333333333333,0.0,0.0,0.4347826086956522,0.0,0.0,0.0,0.0,0.0,0.0,1.0,0.5,0.0,-0.09235430843328615,0.0,0
222,1776,1787,0.24354243542435425,0.23809523809523808,0.19047350778851302,0.43684681994625263,0.4347826086956522,0.0,0.07990314769975781,0.0,0.16666666666666666,0.07990314769975781,0.03374828379256716,0.4347826086956522,0.0,0.0,0.0,0.0,0.0,0.0,0.25,0.5,0.0,-0.14826091564298455,0.0,1
223,1784,1795,0.15,0.3,0.12613636363636363,0.5019636981212185,0.4347826086956522,0.09722222222222221,0.38848920863309355,0.0,0.5,0.29126698641087134,0.08461922745001113,0.4347826086956522,0.0,0.0,0.0,1.0,0.0,0.0,0.3333333333333333,0.16666666666666666,0.0,0.13610837721028093,0.09722222222222221,2
224,1792,1803,0.17412935323383086,0.23809523809523808,0.15106467661691542,0.9706005879882402,0.4347826086956522,0.0,0.0,0.0,0.0,0.0,0.0,0.4347826086956522,0.0,0.0,0.0,0.0,0.0,0.0,0.6666666666666666,0.08333333333333333,0.0,0.12599478364332778,0.0,1
225,1800,1811,0.371900826446281,0.23809523809523808,0.2692837465564738,0.21299638989169678,0.4347826086956522,0.0,0.0,0.0,0.5,0.0,0.0,0.4347826086956522,0.0,0.0,0.0,1.0,0.0,0.0,0.5,0.16666666666666666,0.0,0.07362019959464343,0.0,0
226,1808,1819,0.30927835051546393,0.23809523809523808,0.23512698013578076,0.8869625520110958,0.4347826086956522,0.0,0.07055214723926384,0.0,0.25,0.07055214723926384,0.0053166897827092,0.4347826086956522,0.0,0.0,0.0,1.0,0.0,0.0,0.25,0.3333333333333333,0.0,0.3723771675930344,0.0,1
227,1816,1827,0.329608938547486,0.2631578947368421,0.2750985869208018,0.9469534050179211,0.5217391304347826,0.009803921568627416,0.008547008547008517,0.0,1.0,0.0,0.0,0.5217391304347826,0.0,0.0,0.0,0.0,0.0,0.0,0.4166666666666667,0.08333333333333333,0.0,-0.18368917240367588,0.009803921568627416,2
228,1824,1835,0.21301775147928995,0.23529411764705882,0.17877450073964496,0.880548829701372,0.5652173913043479,0.1071428571428571,0.02898550724637683,0.0,0.0,0.0,0.0,0.5652173913043479,0.0,0.0,0.0,0.0,0.0,0.0,0.0,0.16666666666666666,0.0,0.03757109080503098,0.1071428571428571,2
229,1832,1843,0.24858757062146894,0.2777777777777778,0.2391086001255493,0.5135135135135135,0.4347826086956522,0.02985074626865669,0.014925373134328401,0.0,0.25,0.0,0.0,0.4347826086956522,0.0,0.0,0.0,0.0,0.0,0.0,0.4166666666666667,0.3333333333333333,0.0,-0.12826400481806943,0.02985074626865669,1
230,1840,1851,0.5,0.23809523809523808,0.33762886597938147,0.15351506456241037,0.4347826086956522,0.0,0.0,0.0,0.6666666666666666,0.0,0.0,0.4347826086956522,0.0,0.0,0.0,0.0,0.0,0.0,0.3333333333333333,0.25,0.0,-0.40375405736192216,0.0,0
231,1848,1859,0.22857142857142856,0.23809523809523808,0.2078108941418294,0.5097087378640777,0.4347826086956522,0.0,0.0,0.0,0.0,0.0,0.0,0.4347826086956522,0.0,0.0,0.0,0.3333333333333333,0.0,0.0,0.5,0.16666666666666666,0.0,0.07376664553902317,0.0,1
232,1856,1867,0.1867704280155642,0.23809523809523808,0.1510123326518499,0.952183908045977,0.4347826086956522,0.0,0.03865546218487392,0.0,0.125,0.03865546218487392,0.0015402942786309928,0.4347826086956522,0.0,0.0,0.0,1.0,0.0,0.0,0.3333333333333333,0.6666666666666666,0.0,0.4679212036460579,0.0,1
233,1864,1875,0.5224913494809689,0.23809523809523808,0.3318101908695167,0.3309363764264499,0.4347826086956522,0.0,0.03829787234042559,0.0,0.75,0.03829787234042559,0.01708247549549492,0.4347826086956522,0.0,0.0,0.0,1.0,0.0,0.0,0.5833333333333334,0.3333333333333333,0.0,-0.0027473555230144546,0.0,0
234,1872,1883,0.20242914979757085,0.23809523809523808,0.16283429320864456,0.9069561364643332,0.4347826086956522,0.0,0.0,0.0,0.0,0.0,0.0,0.4347826086956522,0.0,0.0,0.0,0.0,0.0,0.0,0.4166666666666667,0.08333333333333333,0.0,0.09601118389466538,0.0,1
235,1880,1891,0.29927007299270075,0.23809523809523808,0.24288900475031863,0.5527426160337553,0.4347826086956522,0.0,0.0,0.0,0.25,0.0,0.0,0.4347826086956522,0.0,0.0,0.0,0.0,0.0,0.0,0.16666666666666666,0.3333333333333333,0.0,-0.11513626423216104,0.0,1
236,1888,1899,0.3235294117647059,0.25,0.23968678380443087,0.28054298642533937,0.4782608695652174,0.03260869565217395,0.04216867469879515,0.0,0.0,0.009559979046621203,0.003438996987359211,0.4782608695652174,0.0,0.0,0.0,0.0,0.0,0.0,0.08333333333333333,0.0,0.0,-0.17748316892795063,0.03260869565217395,1
237,1896,1907,0.2644628099173554,0.25,0.2298876549586777,0.5246376811594202,0.4347826086956522,0.0,0.0,0.0,0.0,0.0,0.0,0.4347826086956522,0.0,0.0,0.0,0.0,0.0,0.0,0.16666666666666666,0.08333333333333333,0.0,-0.06183695839322078,0.0,1
238,1904,1915,0.32323232323232326,0.23809523809523808,0.2601010101010101,0.5217391304347826,0.4347826086956522,0.0,0.0,0.0,0.0,0.0,0.0,0.4347826086956522,0.0,0.0,0.0,0.0,0.0,0.0,0.08333333333333333,0.08333333333333333,0.0,-0.07904730535165319,0.0,1
239,1912,1923,0.32061068702290074,0.23809523809523808,0.24771793092403777,0.8490566037735849,0.4347826086956522,0.0,0.0,0.0,0.16666666666666666,0.0,0.0,0.4347826086956522,0.0,0.0,0.0,0.0,0.0,0.0,0.5,0.5,0.0,-0.001620316865199034,0.0,1
240,1920,1931,0.3795180722891566,0.23809523809523808,0.28603232807004414,0.11748998664886512,0.4347826086956522,0.0,0.0039525691699604515,0.0,0.2857142857142857,0.0039525691699604515,0.0027614773145045236,0.4347826086956522,0.0,0.0,0.0,0.0,0.0,0.0,0.3333333333333333,0.5833333333333334,0.0,-0.29916113643744197,0.0,0
241,1928,1939,0.35784313725490197,0.23809523809523808,0.26796266451786194,0.1331230283911672,0.4347826086956522,0.0,0.0,0.0,0.6666666666666666,0.0,0.0,0.4347826086956522,0.0,0.0,0.0,0.0,0.0,0.0,0.4166666666666667,0.25,0.0,-0.3668729235931497,0.0,0
242,1936,1947,0.29596412556053814,0.23809523809523808,0.2181575013767603,0.45772058823529416,0.4347826086956522,0.0,0.0,0.0,0.0,0.0,0.0,0.4347826086956522,0.0,0.0,0.0,0.0,0.0,0.0,0.5833333333333334,0.25,0.0,-0.08726477464132157,0.0,1
243,1944,1955,0.453551912568306,0.23809523809523808,0.3066939890710383,0.19480519480519476,0.4347826086956522,0.01005025125628145,0.008264462809917328,0.0,0.5,0.0,0.0,0.4347826086956522,0.0,0.0,0.0,0.0,0.0,0.0,0.3333333333333333,0.16666666666666666,0.0,-0.33876942702267654,0.01005025125628145,0
244,1952,1963,0.4260355029585799,0.23809523809523808,0.33992130477878235,0.4170153417015342,0.4347826086956522,0.008130081300813052,0.029268292682926855,0.0,0.3333333333333333,0.021138211382113803,0.007702033087276472,0.4347826086956522,0.0,0.0,0.0,0.0,0.0,0.0,0.3333333333333333,0.25,0.0,-0.23389262471846486,0.008130081300813052,0
245,1960,1971,0.271523178807947,0.23809523809523808,0.2251470642643087,0.21453692848769046,0.4347826086956522,0.0,0.0,0.0,0.3333333333333333,0.0,0.0,0.4347826086956522,0.0,0.0,0.0,0.0,0.0,0.0,0.16666666666666666,0.25,0.0,-0.23916166532302882,0.0,0
246,1968,1979,0.32786885245901637,0.23809523809523808,0.260207718154974,0.5417558886509636,0.4347826086956522,0.0,0.0,0.0,1.0,0.0,0.0,0.4347826086956522,0.0,0.0,0.0,0.0,0.0,0.0,0.8333333333333334,0.08333333333333333,0.0,-0.29328085143773763,0.0,0
247,1976,1987,0.27053140096618356,0.23809523809523808,0.20452976974716103,0.9540883253170092,0.4347826086956522,0.0092592592592593,0.2649350649350649,0.0,0.0,0.2556758056758056,0.007336565259061982,0.4347826086956522,0.0,0.0,0.0,1.0,0.0,0.0,0.5833333333333334,0.25,0.0,0.4608229929225966,0.0092592592592593,1
248,1984,1995,0.21962616822429906,0.25,0.2205001070129129,0.9592105263157895,0.4782608695652174,0.052631578947368474,0.0461538461538461,0.0,1.0,0.0,0.0,0.4782608695652174,0.0,0.0,0.0,0.0,0.0,0.0,0.0,0.08333333333333333,0.0,-0.1399883254707548,0.052631578947368474,1
249,1992,2003,0.2463768115942029,0.2,0.18671299596103588,0.28042328042328046,0.4782608695652174,0.050000000000000044,0.0496894409937888,0.0,0.0,0.0,0.0,0.4782608695652174,0.0,0.0,0.0,0.0,0.0,0.0,0.3333333333333333,0.08333333333333333,0.0,-0.14118471378414357,0.050000000000000044,1
250,2000,2011,0.43795620437956206,0.25,0.30551656372824254,0.5620437956204379,0.4347826086956522,0.008620689655172376,0.011904761904761862,0.0,0.0,0.003284072249589487,0.0008389965601141025,0.4347826086956522,0.0,0.0,0.0,0.0,0.0,0.0,0.5,0.16666666666666666,0.0,-0.10303272984507185,0.008620689655172376,1
251,2008,2019,0.28402366863905326,0.23809523809523808,0.22723910704679934,0.47205503009458294,0.4347826086956522,0.0,0.014634146341463428,0.0,0.25,0.014634146341463428,0.005150682633223585,0.4347826086956522,0.0,0.0,0.0,0.0,0.0,0.0,0.16666666666666666,0.3333333333333333,0.0,-0.1415495355402673,0.0,1
252,2016,2027,0.24620060790273557,0.23809523809523808,0.17544190174751104,0.7492911505745411,0.4347826086956522,0.07264957264957261,0.11341463414634145,0.0,0.3333333333333333,0.04076506149676884,0.00638760104038312,0.4347826086956522,0.0,0.0,0.0,0.0,0.0,0.0,0.0,0.25,0.0,-0.06011237189914848,0.07264957264957261,1
253,2024,2035,0.29910714285714285,0.23809523809523808,0.2023313492063492,0.6376534788540246,0.4347826086956522,0.07978723404255317,0.054249547920434016,0.0,0.25,0.0,0.0,0.4347826086956522,0.0,0.0,0.0,0.3333333333333333,0.3333333333333333,0.0,0.08333333333333333,0.3333333333333333,0.0,-0.050898433351915205,0.07978723404255317,1
254,2032,2043,0.31750741839762614,0.23809523809523808,0.23306101398470727,0.13382649630127774,0.4347826086956522,0.0,0.03448275862068961,0.0,0.5,0.03448275862068961,0.019912034567786695,0.4347826086956522,0.0,0.0,0.0,0.0,0.0,0.0,0.08333333333333333,0.3333333333333333,0.0,-0.3347229571602636,0.0,0
255,2040,2051,0.12307692307692308,0.23809523809523808,0.11764641608391609,0.7872245715557534,0.4347826086956522,0.06569343065693434,0.09302325581395354,0.0,0.0,0.027329825157019205,0.0036344470356819434,0.4347826086956522,0.0,0.0,0.0,1.0,0.0,0.0,0.08333333333333333,0.25,0.0,0.44740529795251976,0.06569343065693434,1
256,2048,2059,0.136,0.23809523809523808,0.10052032520325205,0.36680269526430676,0.4347826086956522,0.0,0.07662463627546068,0.0,0.16666666666666666,0.07662463627546068,0.0363888848744809,0.4347826086956522,0.0,0.0,0.0,0.6666666666666666,0.0,0.0,0.25,0.5,0.0,0.11846772287527833,0.0,1
257,2056,2067,0.6129568106312292,0.25,0.3410937899309992,0.1299162220237089,0.4782608695652174,0.0,0.1414728682170543,0.125,0.42857142857142855,0.1414728682170543,0.1025777063828638,0.4782608695652174,0.0,0.0,0.0,0.6666666666666666,0.0,0.0,0.08333333333333333,0.6666666666666666,0.0,-0.28082334367798184,0.0,2
258,2064,2075,0.1885245901639344,0.2631578947368421,0.15125154239379518,0.29839752988460144,0.4782608695652174,0.0,0.20456466610312762,0.11111111111111116,0.25,0.20456466610312762,0.12558269065675032,0.4782608695652174,0.0,0.0,0.0,0.0,0.0,0.0,1.0,0.75,0.0,-0.33152514143102507,0.0,2
259,2072,2083,0.4898395721925134,0.25,0.30103368894382787,0.3258053297395992,0.4347826086956522,0.0,0.3581081081081081,0.0,0.36363636363636365,0.3581081081081081,0.23137480378587513,0.4347826086956522,0.0,0.0,0.0,1.0,0.0,0.0,1.0,0.9166666666666666,0.0,-0.12320393547969678,0.0,2
260,2080,2091,0.4667913938260056,0.23809523809523808,0.44003984105714694,0.33449895926256323,0.4347826086956522,0.0,0.2758793969849246,0.0,0.375,0.2758793969849246,0.15299835484290314,0.4347826086956522,0.0,0.0,0.0,1.0,0.0,0.0,1.0,0.6666666666666666,0.0,-0.062179303495825664,0.0,2
261,2088,2099,0.2671863926293409,0.23809523809523808,0.19906589155835808,0.2905928751535527,0.4347826086956522,0.021276595744680882,0.2764991896272285,0.0,0.3333333333333333,0.25522259388254764,0.15842463570681176,0.4347826086956522,0.0,0.0,0.0,1.0,0.0,0.0,1.0,0.75,0.0,0.010729935521214873,0.021276595744680882,2
262,2096,2107,0.2833607907742998,0.23809523809523808,0.1689211686736174,0.6415250862755508,0.4347826086956522,0.013157894736842146,0.12654067378800327,0.0,0.3333333333333333,0.11338277905116112,0.03048366145365245,0.4347826086956522,0.0,0.0,0.0,0.0,0.0,0.0,0.25,0.5,0.0,-0.11892665076560821,0.013157894736842146,1
263,2104,2115,0.17990275526742303,0.23809523809523808,0.12885391653625042,0.5955918947742623,0.4347826086956522,0.02083333333333337,0.03838383838383841,0.0,0.16666666666666666,0.01755050505050504,0.005323174869922112,0.4347826086956522,0.0,0.0,0.0,0.0,0.0,0.0,0.0,0.5,0.0,-0.04389522521888408,0.02083333333333337,1
264,2112,2123,0.5172413793103449,0.23809523809523808,0.3179427235534775,0.03942158719228783,0.4347826086956522,0.0,0.028017241379310387,0.0,0.42857142857142855,0.028017241379310387,0.021305932827182586,0.4347826086956522,0.0,0.0,0.0,0.0,0.0,0.0,0.08333333333333333,0.5833333333333334,0.0,-0.41172041792560715,0.0,0
265,2120,2131,0.21663778162911612,0.23809523809523808,0.18254401316366084,0.4891894378507683,0.4347826086956522,0.08235294117647063,0.03802938634399311,0.0,0.3333333333333333,0.0,0.0,0.4347826086956522,0.0,0.0,0.0,0.3333333333333333,0.0,0.0,0.16666666666666666,0.5,1.0,-0.011722750071926899,0.08235294117647063,2
266,2128,2139,0.3029350104821803,0.23809523809523808,0.21854067597279747,0.254136614340263,0.4347826086956522,0.01388888888888884,0.005945303210463715,0.0,0.16666666666666666,0.0,0.0,0.4347826086956522,0.0,0.0,0.0,0.3333333333333333,0.6666666666666666,0.0,0.5833333333333334,0.5,1.0,-0.24350255854234681,0.01388888888888884,2
267,2136,2147,0.20132013201320131,0.23809523809523808,0.17738770828302342,0.11605221632477403,0.4347826086956522,0.0,0.019796380090497778,0.0,0.16666666666666666,0.019796380090497778,0.01312422472934091,0.4347826086956522,0.0,0.0,0.0,0.3333333333333333,0.6666666666666666,0.0,0.25,0.5,0.0,-0.27172933781628594,0.0,2
268,2144,2155,0.5558475689881734,0.23809523809523808,0.342115924232078,0.2167186525265128,0.4347826086956522,0.0,0.015012510425354453,0.0,0.25,0.015012510425354453,0.009799182829109509,0.4347826086956522,0.0,0.0,0.0,0.0,0.3333333333333333,0.0,0.4166666666666667,0.6666666666666666,0.0,-0.40015815594612036,0.0,0
269,2152,2163,0.2287480680061824,0.23809523809523808,0.16362947501110953,0.38052590098158634,0.4347826086956522,0.0,0.12797619047619047,0.0,0.4444444444444444,0.12797619047619047,0.06936819337966611,0.4347826086956522,0.0,0.0,0.0,0.0,0.0,0.0,0.6666666666666666,0.75,0.0,-0.2560543620572507,0.0,2
270,2160,2171,0.34498834498834496,0.23809523809523808,0.23490651471016127,0.13424445090627124,0.4347826086956522,0.0,0.16666666666666663,0.0,0.3333333333333333,0.16666666666666663,0.12625601757616875,0.4347826086956522,0.0,0.0,0.0,1.0,0.0,0.0,0.8333333333333334,0.75,0.0,-0.030636162916821197,0.0,2
271,2168,2179,0.5254237288135594,0.23809523809523808,0.3433218861932721,0.14913750616067023,0.4347826086956522,0.05633802816901412,0.05830388692579502,0.0,0.5714285714285714,0.0019658587567809027,0.001324201425094966,0.4347826086956522,0.0,0.0,0.0,1.0,0.0,0.0,0.3333333333333333,0.5833333333333334,0.0,-0.020682915894063274,0.05633802816901412,2
272,2176,2187,0.2512,0.23809523809523808,0.22940116959064327,0.5319539733131651,0.4347826086956522,0.03738317757009346,0.11396226415094335,0.0,0.14285714285714285,0.07657908658084989,0.028375341951166845,0.4347826086956522,0.0,0.0,0.0,0.6666666666666666,0.0,0.0,0.25,0.5833333333333334,0.0,0.13372076694805504,0.03738317757009346,2
273,2184,2195,0.43730886850152906,0.23809523809523808,0.34750058809691836,0.12202964725553878,0.4347826086956522,0.0,0.334044065387349,0.0,0.2727272727272727,0.334044065387349,0.28106075317364443,0.4347826086956522,0.0,0.0,0.0,1.0,0.0,0.0,0.16666666666666666,0.9166666666666666,0.6666666666666666,-0.21683804680472923,0.0,2
274,2192,2203,0.3304647160068847,0.23809523809523808,0.2650992022111654,0.29545282590603006,0.4347826086956522,0.0547945205479452,0.1562216167120799,0.0,0.4444444444444444,0.1014270961641347,0.06252765223162364,0.4347826086956522,0.0,0.0,0.0,1.0,0.0,0.0,0.0,0.75,0.0,0.05299994202674631,0.0547945205479452,2
275,2200,2211,0.4671814671814672,0.23809523809523808,0.36671276211688253,0.09323529411764708,0.4347826086956522,0.01869158878504673,0.16468725257323835,0.0,0.3333333333333333,0.14599566378819162,0.11583575074312366,0.4347826086956522,0.0,0.0,0.0,1.0,0.0,0.0,0.0,0.75,0.0,-0.08757035912536203,0.01869158878504673,2
276,2208,2219,0.49238578680203043,0.23809523809523808,0.371923887553062,0.15845815526326712,0.4347826086956522,0.017857142857142905,0.09846972721224223,0.0,0.3333333333333333,0.08061258435509933,0.05935900507878755,0.4347826086956522,0.0,0.0,0.0,1.0,0.0,0.0,0.16666666666666666,0.75,0.0,-0.015275626677365678,0.017857142857142905,2
277,2216,2227,0.5050359712230216,0.23809523809523808,0.38924720813161806,0.09579105744377148,0.4347826086956522,0.0,0.050913838120104415,0.0,0.3,0.050913838120104415,0.042200352084053726,0.4347826086956522,0.0,0.0,0.0,1.0,0.0,0.0,0.5,0.8333333333333334,0.3333333333333333,-0.015313120456113806,0.0,2
278,2224,2235,0.37264150943396224,0.23809523809523808,0.296169239565466,0.4519350811485643,0.4347826086956522,0.0,0.051094890510948954,0.0,0.5,0.051094890510948954,0.021002487766204673,0.4347826086956522,0.0,0.0,0.0,1.0,0.0,0.0,0.3333333333333333,0.5,0.3333333333333333,0.1288545278568653,0.0,2
279,2232,2243,0.31825795644891125,0.23809523809523808,0.3390231581186355,0.4652553063127297,0.4347826086956522,0.004784688995215336,0.19118644067796609,0.0,0.3,0.18640175168275075,0.09137090197249957,0.4347826086956522,0.0,0.0,0.0,0.6666666666666666,0.0,0.0,0.3333333333333333,0.8333333333333334,0.0,-0.016118703492421685,0.004784688995215336,2
280,2240,2251,0.4630681818181818,0.23809523809523808,0.35034597209720975,0.18566775244299671,0.4347826086956522,0.0,0.1327143637356636,0.0,0.4,0.1327143637356636,0.0945643878409655,0.4347826086956522,0.0,0.0,0.0,1.0,0.0,0.0,0.5,0.75,1.0,-0.04288394375803073,0.0,2
281,2248,2259,0.4128166915052161,0.23809523809523808,0.3305012339964397,0.3361150496252785,0.4347826086956522,0.0,0.0595703125,0.0,0.375,0.0595703125,0.03130870188331308,0.4347826086956522,0.0,0.0,0.0,1.0,0.0,0.0,0.08333333333333333,0.5833333333333334,0.0,0.09165120396858858,0.0,2
282,2256,2267,0.3690322580645161,0.23809523809523808,0.34421602185112193,0.30408664015568154,0.4347826086956522,0.009090909090909038,0.0479368932038835,0.0,0.14285714285714285,0.03884598411297446,0.021401472795410936,0.4347826086956522,0.0,0.0,0.0,0.0,0.0,0.0,0.25,0.5833333333333334,0.6666666666666666,-0.2324595204122688,0.009090909090909038,2
283,2264,2275,0.18482758620689654,0.23809523809523808,0.1538173018753781,0.8680985317315859,0.4347826086956522,0.01449275362318836,0.012919896640826822,0.0,0.5,0.0,0.0,0.4347826086956522,0.0,0.0,0.0,0.0,0.0,0.0,0.3333333333333333,0.3333333333333333,0.0,-0.02387891232801062,0.01449275362318836,1
284,2272,2283,0.24916943521594684,0.23809523809523808,0.16541386333661665,0.14226804123711345,0.4347826086956522,0.0046948356807511304,0.008219178082191747,0.0,0.5,0.0035243424014406166,0.0017633823149476075,0.4347826086956522,0.0,0.0,0.0,0.3333333333333333,0.0,0.0,0.3333333333333333,0.16666666666666666,0.0,-0.1605308948980607,0.0046948356807511304,0
285,2280,2291,0.17333333333333334,0.23809523809523808,0.1698152254249815,0.654300856094578,0.4347826086956522,0.0,0.036684782608695676,0.0,0.0,0.036684782608695676,0.00845459862812174,0.4347826086956522,0.0,0.0,0.0,0.3333333333333333,0.0,0.0,0.5833333333333334,0.3333333333333333,0.0,0.1334649684306851,0.0,1
286,2288,2299,0.45714285714285713,0.23809523809523808,0.288516932658622,0.30711189597046074,0.4347826086956522,0.03809523809523807,0.011848341232227444,0.0,0.4,0.0,0.0,0.4347826086956522,0.0,0.0,0.0,0.3333333333333333,0.0,0.0,0.8333333333333334,0.4166666666666667,0.0,-0.15364336763782926,0.03809523809523807,0
287,2296,2307,0.31448763250883394,0.23809523809523808,0.2492535014844412,0.4058064516129032,0.4347826086956522,0.0,0.0,0.0,0.5,0.0,0.0,0.4347826086956522,0.0,0.0,0.0,0.3333333333333333,0.0,0.0,0.4166666666666667,0.3333333333333333,0.0,-0.09792136597427548,0.0,0
288,2304,2315,0.40782122905027934,0.23809523809523808,0.2973172079317331,0.31311706629055003,0.4347826086956522,0.0,0.0,0.0,0.6666666666666666,0.0,0.0,0.4347826086956522,0.0,0.0,0.0,0.0,0.0,0.0,0.16666666666666666,0.25,0.0,-0.3219539487168394,0.0,0
289,2312,2323,0.3469387755102041,0.23809523809523808,0.26481554160125587,0.24720496894409938,0.4347826086956522,0.0092592592592593,0.01273885350318471,0.0,0.3333333333333333,0.00347959424392541,0.0016371382855736012,0.4347826086956522,0.0,0.0,0.0,0.6666666666666666,0.3333333333333333,0.0,0.3333333333333333,0.25,0.0,-0.08814564927079274,0.0092592592592593,2
290,2320,2331,0.4921875,0.23809523809523808,0.3898845996732026,0.12052117263843654,0.4347826086956522,0.028037383177570097,0.018633540372670843,0.0,0.25,0.0,0.0,0.4347826086956522,0.0,0.0,0.0,0.0,0.0,0.0,0.08333333333333333,0.3333333333333333,0.0,-0.3351982034909299,0.028037383177570097,0
291,2328,2339,0.3076923076923077,0.23809523809523808,0.2517482517482518,0.30165289256198347,0.4347826086956522,0.0,0.0,0.0,0.5,0.0,0.0,0.4347826086956522,0.0,0.0,0.0,0.0,0.0,0.0,0.16666666666666666,0.16666666666666666,0.0,-0.258954326306105,0.0,0
292,2336,2347,0.23015873015873015,0.23809523809523808,0.21074723511546617,0.8533819360064804,0.4347826086956522,0.0,0.002109704641350185,0.0,0.0,0.002109704641350185,0.00018043713923252897,0.4347826086956522,0.0,0.0,0.0,0.0,0.0,0.0,0.4166666666666667,0.16666666666666666,0.0,0.06289068137707993,0.0,1
293,2344,2355,0.23809523809523808,0.23809523809523808,0.182583530649829,0.8125,0.4347826086956522,0.005780346820809301,0.0046511627906976605,0.0,0.5,0.0,0.0,0.4347826086956522,0.0,0.0,0.0,0.0,0.0,0.0,0.6666666666666666,0.16666666666666666,0.0,-0.0583723566912293,0.005780346820809301,1
294,2346,2357,0.8,0.7333333333333333,0.5006389776357828,0.0,0.4347826086956522,0.0049261083743842304,0.004081632653061273,0.0,1.0,0.0,0.0,0.4347826086956522,0.0,0.0,0.0,0.0,0.0,0.0,0.75,0.16666666666666666,0.0,-0.714506106143642,0.0049261083743842304,0
